<Document>
  <line id="1">
    <str id="1" />
  </line>
  <line id="2">
    <str id="2" />
  </line>
  <line id="3">
    <str id="3">七履约保证金</str>
  </line>
  <line id="4">
    <str id="4">章</str>
  </line>
  <line id="5">
    <str id="5">1在本合同签订前乙方应向甲方交纳500000000万元履约保证金,本合同约定的乙</str>
  </line>
  <line id="6">
    <str id="6">方的全部义务履约完成后无息退不利未款项</str>
  </line>
  <line id="7">
    <str id="7">(、双方职费</str>
  </line>
  <line id="8">
    <str id="8">1、甲方职费</str>
  </line>
  <line id="9">
    <str id="9">《1)甲方应负责做好本合同程的现场施工协调和组织转划及工程竣工验收。</str>
  </line>
  <line id="10">
    <str id="10">(2)甲方负责及时向乙方提供施工图纸套和车专发设计、监理文件和施工指,并对施</str>
  </line>
  <line id="11">
    <str id="11">工进行技术指导(含技术交)</str>
  </line>
  <line id="12">
    <str id="12">(3)甲方按主合同的总体进度计划及监理批复的施工进度,负责用核并批准乙方的施</str>
  </line>
  <line id="13">
    <str id="13">案施工计划施工资派方案等。</str>
  </line>
  <line id="14">
    <str id="14">(4)甲方负责对乙方施工进度、安全、等全过程进行(不免乙方责任)</str>
  </line>
  <line id="15">
    <str id="15">若工程进度出现滞后、工税货置出现重问题、施工安全出现严重隐患时,甲方有权费令乙</str>
  </line>
  <line id="16">
    <str id="16">方停工整改,若在规定整改期限内仍达不到甲方要求时,甲方有权调整乙方工程项目范围或</str>
  </line>
  <line id="17">
    <str id="17">解除本合同,其发生的相关费用、损失由乙方承担。</str>
  </line>
  <line id="18">
    <str id="18">(5)甲方督促乙方购买高作业人员的人身伤险、全员工伤险、特用设备财产险和</str>
  </line>
  <line id="19">
    <str id="19">以要的第三者责任险。</str>
  </line>
  <line id="20">
    <str id="20">2、乙方职责</str>
  </line>
  <line id="21">
    <str id="21">(1)乙方应服从甲方施理的统一指挥和调度,接照本合同约定对进度质量、安全</str>
  </line>
  <line id="22">
    <str id="22">等负责。</str>
  </line>
  <line id="23">
    <str id="23">(2)乙方不得转让本合同工程项目或进行本合同工程项目再分包(包括事实的分</str>
  </line>
  <line id="24">
    <str id="24">包)装包,否则,甲方既视为乙方约,并有权解除本合同,由此而造成的一切损失由乙</str>
  </line>
  <line id="25">
    <str id="25">方承担,且乙方不得提出任何异议与索赔</str>
  </line>
</Document>