<Document>
  <line id="1">
    <str id="1">十算机或体案合情</str>
  </line>
  <line id="2">
    <str id="2">事</str>
  </line>
  <line id="3">
    <str id="3">计算规软件采购合同</str>
  </line>
  <line id="4">
    <str id="4">买方</str>
  </line>
  <line id="5">
    <str id="5">卖方</str>
  </line>
  <line id="6">
    <str id="6">软件,且卖方意向买方供1达软:接</str>
  </line>
  <line id="7">
    <str id="7">鉴于买方担向卖方采购</str>
  </line>
  <line id="8">
    <str id="8">延关双方名:的情</str>
  </line>
  <line id="9">
    <str id="9">《中华人民共和国合同法》等有关法律、法规和规章的规定</str>
  </line>
  <line id="10">
    <str id="10">致,订立本合同。</str>
  </line>
  <line id="11">
    <str id="11">第1条定义</str>
  </line>
  <line id="12">
    <str id="12">下列调话应具有本条所账予的含义:</str>
  </line>
  <line id="13">
    <str id="13">包括其法定的承继者和经计可的受人。</str>
  </line>
  <line id="14">
    <str id="14">"买方指</str>
  </line>
  <line id="15">
    <str id="15">11</str>
  </line>
  <line id="16">
    <str id="16">事</str>
  </line>
  <line id="17">
    <str id="17">包专其:,</str>
  </line>
  <line id="18">
    <str id="18">提供合同软件的法人或其他组积</str>
  </line>
  <line id="19">
    <str id="19">卖方指</str>
  </line>
  <line id="20">
    <str id="20">12</str>
  </line>
  <line id="21">
    <str id="21">的承继者。</str>
  </line>
  <line id="22">
    <str id="22">包括合:::文、</str>
  </line>
  <line id="23">
    <str id="23">2合同2指买方和达方就合同软件采购所订方的合</str>
  </line>
  <line id="24">
    <str id="24">13</str>
  </line>
  <line id="25">
    <str id="25">合同附件以及述文件明确构成合同的其他文件。</str>
  </line>
  <line id="26">
    <str id="26">1责</str>
  </line>
  <line id="27">
    <str id="27">2合同软件指卖方按合要求,向方提供的计算机</str>
  </line>
  <line id="28">
    <str id="28">14</str>
  </line>
  <line id="29">
    <str id="29">相关技术文件和服务。</str>
  </line>
  <line id="30">
    <str id="30">2合同价格"指根据本合同约定的条件,在卖方完会履7本合义务</str>
  </line>
  <line id="31">
    <str id="31">1</str>
  </line>
  <line id="32">
    <str id="32">买方应支付给卖方的费用。</str>
  </line>
  <line id="33">
    <str id="33">2技术文件2指合同约定由卖方提供的用于合同软作的装、调、</str>
  </line>
  <line id="34">
    <str id="34">16</str>
  </line>
  <line id="35">
    <str id="35">验和验收试验、正常运行和维作所需的全部资料(含技术指和、、、</str>
  </line>
  <line id="36">
    <str id="36">期和数据)以及技术服务、人员训资料。本合的"技术必包3</str>
  </line>
  <line id="37">
    <str id="37">文版本。</str>
  </line>
  <line id="38">
    <str id="38">2服务2指合同约同的由卖方提供的合同代安、通和:4</str>
  </line>
  <line id="39">
    <str id="39">17</str>
  </line>
  <line id="40">
    <str id="40">通二运行、软件的使用和升级验收试、维护和养、11、深代</str>
  </line>
  <line id="41">
    <str id="41">及培训直至合同期满的各个阶段1的技术服务、修服务和1,包:5:</str>
  </line>
  <line id="42">
    <str id="42">商服务和代理商服务。</str>
  </line>
  <line id="43">
    <str id="43">名现场"指合:软作交装、运的地点:1</str>
  </line>
  <line id="44">
    <str id="44">18年圳期年方年14袋、12111131</str>
  </line>
  <line id="45">
    <str id="45">以:方免费1:议换:障/</str>
  </line>
  <line id="46">
    <str id="46">质保期2指按合的1关约</str>
  </line>
  <line id="47">
    <str id="47">1</str>
  </line>
  <line id="48">
    <str id="48">以保证合同软作作常运7</str>
  </line>
  <line id="49">
    <str id="49">期,</str>
  </line>
  <line id="50">
    <str id="50">第"11(人)"提111</str>
  </line>
  <line id="51">
    <str id="51">第:3措公1的11、/1、</str>
  </line>
  <line id="52">
    <str id="52">第日(天)、月、</str>
  </line>
  <line id="53">
    <str id="53">110</str>
  </line>
  <line id="54">
    <str id="54">"周2指7天。</str>
  </line>
  <line id="55">
    <str id="55">"以1"、"以人、"1人1内"、</str>
  </line>
  <line id="56">
    <str id="56">1.11除本合同月有约2外:"以1:"、"以个"、"以内"、"入内"、"情"</str>
  </line>
  <line id="57">
    <str id="57">等</str>
  </line>
  <line id="58">
    <str id="58">等</str>
  </line>
  <line id="59">
    <str id="59">靠</str>
  </line>
  <line id="60">
    <str id="60">7包括本数:"1""义"101</str>
  </line>
  <line id="61">
    <str id="61">以外3</str>
  </line>
  <line id="62">
    <str id="62">均包括本数:"《满2、</str>
  </line>
  <line id="63">
    <str id="63">开始的期天个算入,从内人1期十算:期门</str>
  </line>
  <line id="64">
    <str id="64">按照、月、计算期间的</str>
  </line>
  <line id="65">
    <str id="65">该期间及1下一:个1作1终1:</str>
  </line>
  <line id="66">
    <str id="66">后一天不是:工作11的</str>
  </line>
  <line id="67">
    <str id="67">1</str>
  </line>
</Document>