<Document>
  <line id="1">
    <str id="1">甲方收票后一次性付清货款。</str>
  </line>
  <line id="2">
    <str id="2">、1计价方法</str>
  </line>
  <line id="3">
    <str id="3">章</str>
  </line>
  <line id="4">
    <str id="4">EU2O/REO每增(减)0。1%,加(扣)款1000元/吨</str>
  </line>
  <line id="5">
    <str id="5">Tb4O7/TREO每增增(减)0。1%,加(扣)款1000元/吨</str>
  </line>
  <line id="6">
    <str id="6">D72O3/TEO每增(减)0.1%,加(扣)款50/吨</str>
  </line>
  <line id="7">
    <str id="7">PiOa2O3/REO每增增(减)1%,加(扣)款100元/吨</str>
  </line>
  <line id="8">
    <str id="8">A12O,每增0.1%,扣款100元/吨</str>
  </line>
  <line id="9">
    <str id="9">TREO按金属量计</str>
  </line>
  <line id="10">
    <str id="10">仲裁结</str>
  </line>
  <line id="11">
    <str id="11">2、如质量出现异议,以双方认可的检验单位(</str>
  </line>
  <line id="12">
    <str id="12">果为准。</str>
  </line>
  <line id="13">
    <str id="13">七、违约责任:甲乙双方本着等互利的原则共同遵守以条款,如造</str>
  </line>
  <line id="14">
    <str id="14">约,免双方协商解决,最后按《中华人民共和国合同法》处理,诉讼</str>
  </line>
  <line id="15">
    <str id="15">地为甲方所在的法院。</str>
  </line>
  <line id="16">
    <str id="16">本合同未尽事宜,双方协商解决。</str>
  </line>
  <line id="17">
    <str id="17">八、</str>
  </line>
  <line id="18">
    <str id="18">本合同一式贰份,甲乙双方各执份。</str>
  </line>
  <line id="19">
    <str id="19">九、</str>
  </line>
  <line id="20">
    <str id="20">十、本合同双方签字盖章生效,以传真形式确认。</str>
  </line>
  <line id="21">
    <str id="21">年月日至年一月</str>
  </line>
  <line id="22">
    <str id="22">、本合同有效期:自年月日至年月日</str>
  </line>
  <line id="23">
    <str id="23">十二</str>
  </line>
  <line id="24">
    <str id="24">方:</str>
  </line>
  <line id="25">
    <str id="25">方:乙</str>
  </line>
  <line id="26">
    <str id="26">甲</str>
  </line>
  <line id="27">
    <str id="27">委托人:</str>
  </line>
  <line id="28">
    <str id="28">委托人:</str>
  </line>
  <line id="29">
    <str id="29">2-</str>
  </line>
  <line id="30">
    <str id="30" />
  </line>
</Document>