<Document>
  <line id="1">
    <str id="1">否则按逾期付款处理,每逾-1,及对方支款111</str>
  </line>
  <line id="2">
    <str id="2">银行规定的结算办法付清</str>
  </line>
  <line id="3">
    <str id="3">的滞约金。</str>
  </line>
  <line id="4">
    <str id="4">九免费条款</str>
  </line>
  <line id="5">
    <str id="5">鉴了产品的特殊性,因照方、沟毒、电信部门技术或政策调整等引起的事件,不用</str>
  </line>
  <line id="6">
    <str id="6">1</str>
  </line>
  <line id="7">
    <str id="7">了甲方违约,因此造成乙方损失的,甲方不承担责任。</str>
  </line>
  <line id="8">
    <str id="8">2.若乙方的数括定新较快且数据较为重要者,建议乙方按照自乙的备份周期延期将数</str>
  </line>
  <line id="9">
    <str id="9">条的情况下发生乙方数据委失者,我行只能尽最人</str>
  </line>
  <line id="10">
    <str id="10">据备份到本地计算机。若在免责条款培</str>
  </line>
  <line id="11">
    <str id="11">努力恢复备份数据,不作绝对保证。</str>
  </line>
  <line id="12">
    <str id="12">甲乙双方任何一方因为政府禁令,下,现行生效的适用法律或法规的变更,法水</str>
  </line>
  <line id="13">
    <str id="13">3</str>
  </line>
  <line id="14">
    <str id="14">火灾,爆炸,电,地震,用暴,停电,通评线用中新,他人意破坏,黑客改,计和</str>
  </line>
  <line id="15">
    <str id="15">病毒入侵或发作,电信部门、、政期,政府管制等及其他、可预见,不可免,不可服</str>
  </line>
  <line id="16">
    <str id="16">和个控制的不抗力和事件影响网络正常人向全部或部分不能履行本合或迟延履</str>
  </line>
  <line id="17">
    <str id="17">行本合同的,双方个承担责任,但受个日抗力影响的一方应自不可抗力事件发生起七</str>
  </line>
  <line id="18">
    <str id="18">日内,将事件情况以书面形式通知另一方,并了事件发生之日起十日内,向另方提交导</str>
  </line>
  <line id="19">
    <str id="19">致其全部或部分不能履行或迟延履行的证明。遭受不可抗力的一方应采取一切必要措施少</str>
  </line>
  <line id="20">
    <str id="20">进在事件消除后协商恢复本合同的履行,除非此等履7不可能或者不必要。</str>
  </line>
  <line id="21">
    <str id="21">损失</str>
  </line>
  <line id="22">
    <str id="22">甲方对因第三方的过错或延误而给乙方或者其他方造后的失</str>
  </line>
  <line id="23">
    <str id="23">在履行本合同时,</str>
  </line>
  <line id="24">
    <str id="24">4</str>
  </line>
  <line id="25">
    <str id="25">承担责任。甲方对通过乙方接接受甲方服务的第三方的损失不负责任。</str>
  </line>
  <line id="26">
    <str id="26">争议解决</str>
  </line>
  <line id="27">
    <str id="27">十、</str>
  </line>
  <line id="28">
    <str id="28">切争议,双方应通过权门</str>
  </line>
  <line id="29">
    <str id="29">应因订立、解碎、履行本合同所发生的或与本合同有关的</str>
  </line>
  <line id="30">
    <str id="30">市仲裁委员会仲裁,仲表</str>
  </line>
  <line id="31">
    <str id="31">商解决;当事人不愿协商解决或者协商不成,双方决定交由</str>
  </line>
  <line id="32">
    <str id="32">仲裁费由购诉方承担。</str>
  </line>
  <line id="33">
    <str id="33">庭书三名仲裁员组成,</str>
  </line>
  <line id="34">
    <str id="34">争议的解决适用中作人民共和国法律、法规、条例和计算机行业</str>
  </line>
  <line id="35">
    <str id="35">、附则</str>
  </line>
  <line id="36">
    <str id="36">十一</str>
  </line>
  <line id="37">
    <str id="37">女章</str>
  </line>
  <line id="38">
    <str id="38">甲乙双方应本着减实信用的原则完整履行本合同。</str>
  </line>
  <line id="39">
    <str id="39">1</str>
  </line>
  <line id="40">
    <str id="40">2.本合同的有关条款或者约定若与双方以前签署的付关条款议可以的付及府处不</str>
  </line>
  <line id="41">
    <str id="41">致或相抵触的,以本合同为准:但经双方协商:致同总的外</str>
  </line>
  <line id="42">
    <str id="42">深金条款本合同方等</str>
  </line>
  <line id="43">
    <str id="43">3.本合同未尽事宜,由双方友好协商做出补充条款</str>
  </line>
  <line id="44">
    <str id="44">效力</str>
  </line>
  <line id="45">
    <str id="45">4.本电子文本形式的产品销售合同如同双方书面签署的协议一,有合的次律效</str>
  </line>
  <line id="46">
    <str id="46">力</str>
  </line>
  <line id="47">
    <str id="47">甲乙双方年执费份。</str>
  </line>
  <line id="48">
    <str id="48">5.本协议书意式贰份</str>
  </line>
</Document>