<Document>
  <line id="1">
    <str id="1">计算乙软件采购合后</str>
  </line>
  <line id="2">
    <str id="2">121.3如因卖方原因造成合同软件或系统出现重人故障,每发生一次,卖</str>
  </line>
  <line id="3">
    <str id="3">方应向买方支付合同价格1096的违约金。</str>
  </line>
  <line id="4">
    <str id="4">12.1.4卖方按合同约定应支付的违约金依给买方造成的损失的,并应就</str>
  </line>
  <line id="5">
    <str id="5">整额部分向买方进行赔偿。</str>
  </line>
  <line id="6">
    <str id="6">12.2买方违反合同约定逾期支付合同价款的应就逾期部分向卖方应付按</str>
  </line>
  <line id="7">
    <str id="7">照中国人民银行规定的同期货款基准利整计算的逾期付款违约金。</str>
  </line>
  <line id="8">
    <str id="8">第13条合同暂停与终止</str>
  </line>
  <line id="9">
    <str id="9">131合同暂停</str>
  </line>
  <line id="10">
    <str id="10">卖方有违反或拒绝执行合同约定的行为时,买方有权书面通知卖方,卖方应</str>
  </line>
  <line id="11">
    <str id="11">在接到通知后5个工作日内对违反或拒绝执行合同的行为进行纠正,如果卖方未</str>
  </line>
  <line id="12">
    <str id="12">在述期限内对违反或拒绝执行合同的行为进行纠正,买方合权暂停履行本合同。</str>
  </line>
  <line id="13">
    <str id="13">对于此种暂律,买方无需月行通知卖方,由此而发生的一切费用、损失和索赔将</str>
  </line>
  <line id="14">
    <str id="14">出卖方承担。买方行使箱停权利后,有权停付到期应向卖方支付的暂停部分的合</str>
  </line>
  <line id="15">
    <str id="15">同价款,并有权热包已支付给卖方的暂律部分的合同价款。</str>
  </line>
  <line id="16">
    <str id="16">13.2合同终1</str>
  </line>
  <line id="17">
    <str id="17">13.2.1除本合同已有约定的合同终1情形外,若交未能履行合同项下的</str>
  </line>
  <line id="18">
    <str id="18">任何义务,在收到买方发出的要求卖方正违约行为的通知后15天内仍未自采</str>
  </line>
  <line id="19">
    <str id="19">取纠正措施,则买方可卖方发出书面解除合同的通知,终合部或部方合同。</str>
  </line>
  <line id="20">
    <str id="20">此种合同终上并不损害或影响买方根据本合同已采取或将采取任何补救措施的</str>
  </line>
  <line id="21">
    <str id="21">权利</str>
  </line>
  <line id="22">
    <str id="22">1322买方终止部分或全部合同后,可以按其议为适的条件和方式向第</str>
  </line>
  <line id="23">
    <str id="23">三方采购卖方未交付的合同软件或已交付但被退回的合同软件。卖方应承担买方</str>
  </line>
  <line id="24">
    <str id="24">向第三方购买本市中卖方供应的合同软件所发生的所有额外费用,并应按照买方</str>
  </line>
  <line id="25">
    <str id="25">要求继续履行合同未终止部分。</str>
  </line>
  <line id="26">
    <str id="26">个可抗力</str>
  </line>
  <line id="27">
    <str id="27">第14条</str>
  </line>
  <line id="28">
    <str id="28">14.1本合同中个可抗力是指不此、不能理免并不服的情况</str>
  </line>
  <line id="29">
    <str id="29">包括但不限自然灾害、战争、延装冲突、社会动乱、暴或按照条的定义构</str>
  </line>
  <line id="30">
    <str id="30">成术日抗力的其他事件。</str>
  </line>
  <line id="31">
    <str id="31">14.2任何一方由于不可抗力而影响合同义务履行时,可根于不可抗力的影</str>
  </line>
  <line id="32">
    <str id="32">向程度和范围延迟或免除履行部分或全部合同义务。但是受行可抗力影响的方</str>
  </line>
  <line id="33">
    <str id="33">应尽具减小行可抗力引起的延误或其他不利影响,并在、可抗力影响消除后,立</str>
  </line>
  <line id="34">
    <str id="34">通知对方。任:可一方不得因行可抗力造成的延迟求调整合同价格。</str>
  </line>
  <line id="35">
    <str id="35">14.3受到不可抗力影响的在不可抗力事件发生后2周内,取得有方</str>
  </line>
  <line id="36">
    <str id="36">与关下生个可抗力事件的证明文件,并以传真等内面形式提交用一方确认。否</str>
  </line>
  <line id="37">
    <str id="37">,无权以抗力为由要求减轻或免除合同责任。</str>
  </line>
  <line id="38">
    <str id="38">14.4如果术可抗力事件的影响已达120天或双方预计不可抗力事件的影响</str>
  </line>
  <line id="39">
    <str id="39">将延续120天以上时,任何一方权终止本合同。由于合同终止所引起的后续问</str>
  </line>
  <line id="40">
    <str id="40">由双方友好协商每决。</str>
  </line>
  <line id="41">
    <str id="41">6</str>
  </line>
  <line id="42">
    <str id="42" />
  </line>
</Document>