<Document>
  <line id="1">
    <str id="1">十算和软件采购合</str>
  </line>
  <line id="2">
    <str id="2">签署</str>
  </line>
  <line id="3">
    <str id="3">卖方</str>
  </line>
  <line id="4">
    <str id="4">买/</str>
  </line>
  <line id="5">
    <str id="5">(盖章)</str>
  </line>
  <line id="6">
    <str id="6">(盖章)</str>
  </line>
  <line id="7">
    <str id="7">定代表人(负贵人)或</str>
  </line>
  <line id="8">
    <str id="8">法定表人(负员人)或</str>
  </line>
  <line id="9">
    <str id="9">授权代表(签字)</str>
  </line>
  <line id="10">
    <str id="10">授权代表(签字)</str>
  </line>
  <line id="11">
    <str id="11">签订1期</str>
  </line>
  <line id="12">
    <str id="12">签订1期</str>
  </line>
  <line id="13">
    <str id="13">地址</str>
  </line>
  <line id="14">
    <str id="14">地址:</str>
  </line>
  <line id="15">
    <str id="15" />
  </line>
  <line id="16">
    <str id="16">邮编:</str>
  </line>
  <line id="17">
    <str id="17">邮编:</str>
  </line>
  <line id="18">
    <str id="18">联系人:</str>
  </line>
  <line id="19">
    <str id="19">第关系人:</str>
  </line>
  <line id="20">
    <str id="20">第1:电话:</str>
  </line>
  <line id="21">
    <str id="21">传真:</str>
  </line>
  <line id="22">
    <str id="22">传真</str>
  </line>
  <line id="23">
    <str id="23">Email</str>
  </line>
  <line id="24">
    <str id="24">n2113</str>
  </line>
  <line id="25">
    <str id="25">开户银行:</str>
  </line>
  <line id="26">
    <str id="26">开户银行</str>
  </line>
  <line id="27">
    <str id="27">账号:</str>
  </line>
  <line id="28">
    <str id="28">账号</str>
  </line>
  <line id="29">
    <str id="29">章</str>
  </line>
  <line id="30">
    <str id="30">税号:</str>
  </line>
  <line id="31">
    <str id="31">税号</str>
  </line>
  <line id="32">
    <str id="32">8</str>
  </line>
  <line id="33">
    <str id="33">事</str>
  </line>
</Document>