<Document>
  <line id="1">
    <str id="1">()服务时间:</str>
  </line>
  <line id="2">
    <str id="2">2018年7月16日至10月31日。</str>
  </line>
  <line id="3">
    <str id="3">第十届民洽会:</str>
  </line>
  <line id="4">
    <str id="4">第二十届南洽会:2018年4月26日至6月20日。</str>
  </line>
  <line id="5">
    <str id="5">二、合同价款及结算方式</str>
  </line>
  <line id="6">
    <str id="6" />
  </line>
  <line id="7">
    <str id="7">(二)合同价款一</str>
  </line>
  <line id="8">
    <str id="8">第五届民洽会890354元(人民币大写:拾玖万零叁佰</str>
  </line>
  <line id="9">
    <str id="9">五拾肆元整)</str>
  </line>
  <line id="10">
    <str id="10">第二十届意洽13502元(人民币大写:壹万仟伍佰露</str>
  </line>
  <line id="11">
    <str id="11">贰元整)。</str>
  </line>
  <line id="12">
    <str id="12">(二)合同价款:</str>
  </line>
  <line id="13">
    <str id="13">第十届民洽会930254元(人民币大写:玖拾叁万贰佰</str>
  </line>
  <line id="14">
    <str id="14">五拾肆元整)</str>
  </line>
  <line id="15">
    <str id="15">第十届高洽会253502元(人民币大写:贰拾伍万叁仟伍</str>
  </line>
  <line id="16">
    <str id="16">佰零贰元整)。</str>
  </line>
  <line id="17">
    <str id="17">两次动甲方分别页留不可页计费用10000元(人民币</str>
  </line>
  <line id="18">
    <str id="18">大写:壹万元整),共计100000元(人民币大写:拾万元整</str>
  </line>
  <line id="19">
    <str id="19">用于支付根据实际工作需要增加的其他事项,如在本项目履</str>
  </line>
  <line id="20">
    <str id="20">4</str>
  </line>
  <line id="21">
    <str id="21">甲方将权支付合同价款一一的各项</str>
  </line>
  <line id="22">
    <str id="22">行中,未发生不可计费</str>
  </line>
  <line id="23">
    <str id="23">费用;如在本项目履行中,发生不可预计费,乙方须在会议</str>
  </line>
  <line id="24">
    <str id="24">结束后5个工作日内,向甲方提供发生不可预计费的其他事</str>
  </line>
  <line id="25">
    <str id="25">项具体清单:如实际发生的其他事项费用总计低于20000元,</str>
  </line>
  <line id="26">
    <str id="26">以实际发生的其他事项费用作为最终支付价格。服务项目及</str>
  </line>
  <line id="27">
    <str id="27">章/5</str>
  </line>
</Document>