<Document>
  <line id="1">
    <str id="1">一::</str>
  </line>
  <line id="2">
    <str id="2" />
  </line>
  <line id="3">
    <str id="3">工地使用权程赁合同(参若文本)</str>
  </line>
  <line id="4">
    <str id="4" />
  </line>
  <line id="5">
    <str id="5">合同编号:</str>
  </line>
  <line id="6">
    <str id="6">出租方(以下简称甲</str>
  </line>
  <line id="7">
    <str id="7">方):wangxi义i</str>
  </line>
  <line id="8">
    <str id="8">承租方(以下值称乙</str>
  </line>
  <line id="9">
    <str id="9">方):</str>
  </line>
  <line id="10">
    <str id="10">如a11a11a</str>
  </line>
  <line id="11">
    <str id="11">签订时间:</str>
  </line>
  <line id="12">
    <str id="12">2018年07月03日签订地点:1111</str>
  </line>
  <line id="13">
    <str id="13">乙方因333</str>
  </line>
  <line id="14">
    <str id="14">需要,租赁甲方土地,为7明确甲、乙双方的</str>
  </line>
  <line id="15">
    <str id="15">权利义务,根据《中华人民共和国合同法》及相关法律规定,经双方严等协商,签订本</str>
  </line>
  <line id="16">
    <str id="16">合同。</str>
  </line>
  <line id="17">
    <str id="17">第一条租赁工地基本情况:</str>
  </line>
  <line id="18">
    <str id="18">1、租赁工地全落具体地点、面积</str>
  </line>
  <line id="19">
    <str id="19">Tianjin100pingmi</str>
  </line>
  <line id="20">
    <str id="20">2、地物(建免物、构筑物、附着物)等情况:</str>
  </line>
  <line id="21">
    <str id="21">iangaO</str>
  </line>
  <line id="22">
    <str id="22">)以上情况见附图(附件)</str>
  </line>
  <line id="23">
    <str id="23">(</str>
  </line>
  <line id="24">
    <str id="24">3、土地及地上物权属情况:甲方拥有租赁土地的合法使用权(土地使用权</str>
  </line>
  <line id="25">
    <str id="25">)及建筑物、构筑物、附着物的合法所有权(房室记</str>
  </line>
  <line id="26">
    <str id="26">证书号:</str>
  </line>
  <line id="27">
    <str id="27">)</str>
  </line>
  <line id="28">
    <str id="28">证书编号:</str>
  </line>
  <line id="29">
    <str id="29">第二条租赁期限:租赁期限为2年,从2018年1月3日至208年7月3</str>
  </line>
  <line id="30">
    <str id="30">日</str>
  </line>
  <line id="31">
    <str id="31">税赁费用及支付方式:</str>
  </line>
  <line id="32">
    <str id="32">第三条</str>
  </line>
  <line id="33">
    <str id="33">1、租赁费按照一年每(商)(平方米)15元标准计算,计年租金4500元。</str>
  </line>
  <line id="34">
    <str id="34">)种方式支付租金:</str>
  </line>
  <line id="35">
    <str id="35">2、双方确定进择以下第(3</str>
  </line>
</Document>