<Document>
  <line id="1">
    <str id="1">第九条在租赁期限,因不可抗力或者因政府城市规划建设等原因使合同</str>
  </line>
  <line id="2">
    <str id="2">无法履行,双方可以解除合同。</str>
  </line>
  <line id="3">
    <str id="3">第十条租赁期满,如乙方继续承租的,可在租赁期满30天前向甲方提出,</str>
  </line>
  <line id="4">
    <str id="4">双方就续签事宜进行协商,重新签订合同。</str>
  </line>
  <line id="5">
    <str id="5">第十二条合同签订后,双方协商一致可变更、解除合同:如有未尽事宜,</str>
  </line>
  <line id="6">
    <str id="6">可另行签订补充合同,补充合同与本合同具有同等法律效力。</str>
  </line>
  <line id="7">
    <str id="7">第十二条本合同自双方签字盖章后生效。</str>
  </line>
  <line id="8">
    <str id="8">份,具有同等法律效力。</str>
  </line>
  <line id="9">
    <str id="9">第十三条本合同式份,双方各执</str>
  </line>
  <line id="10">
    <str id="10">与本合用</str>
  </line>
  <line id="11">
    <str id="11">第十四条本合同附件</str>
  </line>
  <line id="12">
    <str id="12">具有同等法律效力。</str>
  </line>
  <line id="13">
    <str id="13">附:土地及地建筑物、构筑物、附着物情况</str>
  </line>
  <line id="14">
    <str id="14">乙方:(章)1aj111a</str>
  </line>
  <line id="15">
    <str id="15">甲方:(章)甲an义1义1</str>
  </line>
  <line id="16">
    <str id="16">址:ejin77</str>
  </line>
  <line id="17">
    <str id="17">地</str>
  </line>
  <line id="18">
    <str id="18">址:址1an11n66</str>
  </line>
  <line id="19">
    <str id="19">地</str>
  </line>
  <line id="20">
    <str id="20">法定代表人:11</str>
  </line>
  <line id="21">
    <str id="21">法定代表人:11</str>
  </line>
  <line id="22">
    <str id="22">委托代理人:</str>
  </line>
  <line id="23">
    <str id="23">委托代理人:</str>
  </line>
  <line id="24">
    <str id="24">行:1010</str>
  </line>
  <line id="25">
    <str id="25">户</str>
  </line>
  <line id="26">
    <str id="26">开</str>
  </line>
  <line id="27">
    <str id="27">行:1010</str>
  </line>
  <line id="28">
    <str id="28">户</str>
  </line>
  <line id="29">
    <str id="29">开</str>
  </line>
  <line id="30">
    <str id="30">号:1122</str>
  </line>
  <line id="31">
    <str id="31">帐</str>
  </line>
  <line id="32">
    <str id="32">号:1111</str>
  </line>
  <line id="33">
    <str id="33">帐</str>
  </line>
  <line id="34">
    <str id="34">话:110</str>
  </line>
  <line id="35">
    <str id="35">电</str>
  </line>
  <line id="36">
    <str id="36">话:110</str>
  </line>
  <line id="37">
    <str id="37">电</str>
  </line>
  <line id="38">
    <str id="38">邮政编码</str>
  </line>
  <line id="39">
    <str id="39">编码:</str>
  </line>
  <line id="40">
    <str id="40">抽政</str>
  </line>
</Document>