<Document>
  <line id="1">
    <str id="1" />
  </line>
  <line id="2">
    <str id="2">章</str>
  </line>
  <line id="3">
    <str id="3">技有限公管</str>
  </line>
  <line id="4">
    <str id="4">料技有公商</str>
  </line>
  <line id="5">
    <str id="5">本</str>
  </line>
  <line id="6">
    <str id="6">重</str>
  </line>
  <line id="7">
    <str id="7">管</str>
  </line>
  <line id="8">
    <str id="8">章章章管管年管年章</str>
  </line>
  <line id="9">
    <str id="9">肆3</str>
  </line>
  <line id="10">
    <str id="10">方:1</str>
  </line>
  <line id="11">
    <str id="11">甲方</str>
  </line>
  <line id="12">
    <str id="12">1管量年年</str>
  </line>
  <line id="13">
    <str id="13">章</str>
  </line>
  <line id="14">
    <str id="14" />
  </line>
  <line id="15">
    <str id="15">章</str>
  </line>
  <line id="16">
    <str id="16">经段</str>
  </line>
  <line id="17">
    <str id="17">量无</str>
  </line>
  <line id="18">
    <str id="18">22</str>
  </line>
  <line id="19">
    <str id="19">章</str>
  </line>
  <line id="20">
    <str id="20">章</str>
  </line>
  <line id="21">
    <str id="21">年8月8</str>
  </line>
  <line id="22">
    <str id="22">第:2018</str>
  </line>
  <line id="23">
    <str id="23" />
  </line>
  <line id="24">
    <str id="24" />
  </line>
  <line id="25">
    <str id="25">章</str>
  </line>
  <line id="26">
    <str id="26">4年444年年章年年章年</str>
  </line>
  <line id="27">
    <str id="27" />
  </line>
  <line id="28">
    <str id="28" />
  </line>
  <line id="29">
    <str id="29">量</str>
  </line>
</Document>