<Document>
  <line id="1">
    <str id="1">计算机软件采购合后</str>
  </line>
  <line id="2">
    <str id="2">反121、发现的问题及解决方法均须在下作日上。工作:方</str>
  </line>
  <line id="3">
    <str id="3">负货人签之后各自保留二:份。</str>
  </line>
  <line id="4">
    <str id="4">5.2验方应派遣有工作经验身体健康和称的技术人员按照合同的相约</str>
  </line>
  <line id="5">
    <str id="5">经到现场提供合同软件安装、调进测试、运行、维护及买方人员培训等技术服</str>
  </line>
  <line id="6">
    <str id="6">务,技术服务详细内容见《投术规范》(附件二)。卖方应负责买方参加培训人员</str>
  </line>
  <line id="7">
    <str id="7">的食商、在迟和地交通费用以及培训教材费用等所有相关费用。</str>
  </line>
  <line id="8">
    <str id="8">5.3卖方应负责协调配合系统设备及相关软理件的安装调测工作,并解决</str>
  </line>
  <line id="9">
    <str id="9">发现的质量及性能等有关问题。合同软件测进和验收应符合卖方作出的质单承诺</str>
  </line>
  <line id="10">
    <str id="10">作滞延合同约定的测试及验收标准。</str>
  </line>
  <line id="11">
    <str id="11">个工作日内向买方提交执行合同约定的技术</str>
  </line>
  <line id="12">
    <str id="12">5.4卖万应任合同生效后</str>
  </line>
  <line id="13">
    <str id="13">服务作的组织计划二式份。</str>
  </line>
  <line id="14">
    <str id="14">个工作日内提</str>
  </line>
  <line id="15">
    <str id="15">5.5卖方派到现场服务的投术人员名单应在本合同生效后</str>
  </line>
  <line id="16">
    <str id="16">交买方确认。买方权提如更换不符合要求的卖方现场过术人员,卖方应根据买</str>
  </line>
  <line id="17">
    <str id="17">个工作</str>
  </line>
  <line id="18">
    <str id="18">方要求,重新进派买方认可的技术人员。卖方在方提出该项要求</str>
  </line>
  <line id="19">
    <str id="19">内答复。</str>
  </line>
  <line id="20">
    <str id="20">5.6卖方有义务在必要时邀请买方参与双方的技术设计工作,列买方解释</str>
  </line>
  <line id="21">
    <str id="21">技术设计。在执行合同过程中,卖方应及时答复买方提出的有关合同软件技术上</str>
  </line>
  <line id="22">
    <str id="22">的间题,并免费为买方提供有关资料。</str>
  </line>
  <line id="23">
    <str id="23">5.7对于买方此购的与本合同软件有关的相关系统软件及设备,卖方有提供</str>
  </line>
  <line id="24">
    <str id="24">并承招中此发生的任何费用。</str>
  </line>
  <line id="25">
    <str id="25">技术配合的义务,</str>
  </line>
  <line id="26">
    <str id="26">第6条软件7级</str>
  </line>
  <line id="27">
    <str id="27">6.1卖方承诺在质保期内对合同软件提供及时的免费升级服务。升级程序应</str>
  </line>
  <line id="28">
    <str id="28">满足安全要求并能经过测试验证。卖方有义务确供买方软件升级成功,且不影响</str>
  </line>
  <line id="29">
    <str id="29">依1于本合同软件运行的业务应用的正常使用;如果升级不成功,买方有权要求</str>
  </line>
  <line id="30">
    <str id="30">卖方将系统恢复原样。如果合同软件升级,卖方保证买方免费获得新软件的话可</str>
  </line>
  <line id="31">
    <str id="31">使用权。</str>
  </line>
  <line id="32">
    <str id="32">6.2.卖方对合同软件提供终身技术支持。如在免费升级期限后,买方要求对</str>
  </line>
  <line id="33">
    <str id="33">合同软件进行升级,卖方按不高于该产品当时面市场的大容户统了级价格</str>
  </line>
  <line id="34">
    <str id="34">收取费用。</str>
  </line>
  <line id="35">
    <str id="35">6.3如果合同软件在将来进行话次扩容,卖方确保其可能在再行工程中</str>
  </line>
  <line id="36">
    <str id="36">提供的合同软件与其在本合同中所提供的合同软件容或为本合同中所提供的</str>
  </line>
  <line id="37">
    <str id="37">软件提供免费升级。</str>
  </line>
  <line id="38">
    <str id="38">质量保证</str>
  </line>
  <line id="39">
    <str id="39">第7条</str>
  </line>
  <line id="40">
    <str id="40">1如果合同软件在保期内出现不符合合同或产品说明书所述软件功能</str>
  </line>
  <line id="41">
    <str id="41">标准、或软件介质出现_乙或质量特问题,卖方应免费更换软件介质或修复软件</str>
  </line>
  <line id="42">
    <str id="42">缺陷。对于缺陷软件,买方有权要求卖方采用补软件进行修复或提供升级软件</str>
  </line>
  <line id="43">
    <str id="43">予以换或以退款方式进行处理。</str>
  </line>
  <line id="44">
    <str id="44">7.2本合同下软件产品的质保期为自合同软件经验收合格、投入常运行之</str>
  </line>
  <line id="45">
    <str id="45">13</str>
  </line>
</Document>