<Document>
  <line id="1">
    <str id="1" />
  </line>
  <line id="2">
    <str id="2">(四)用热人违反提作规程,造技自议表应元数字与实际供热不符、份</str>
  </line>
  <line id="3">
    <str id="3">造供热议录的,供热人有权要求用热人立即改正。用热人华按照本采暖期中最</str>
  </line>
  <line id="4">
    <str id="4">高用热月份用热量的热费收取当月热费。</str>
  </line>
  <line id="5">
    <str id="5">工)用热人用热设地或者安全管理存在不安全隐患、可能造成供热设施</str>
  </line>
  <line id="6">
    <str id="6">害时,或者用热人在合同约定的时限内拒交费的,供热人有权中的供热。</str>
  </line>
  <line id="7">
    <str id="7">(八)属供热人产权范用内的供热设施出现故障,不能下常供热或者停热8</str>
  </line>
  <line id="8">
    <str id="8">个小时以的,供热人应当通知用热人</str>
  </line>
  <line id="9">
    <str id="9">及时快复供热。</str>
  </line>
  <line id="10">
    <str id="10">并立即组织抢修</str>
  </line>
  <line id="11">
    <str id="11">(七乙)供热人因供热设施时检修或者用热人法用热等点达,需掌中新供</str>
  </line>
  <line id="12">
    <str id="12">热时,市提前时通过装体或者其方工通知用热人。因不日抗力</str>
  </line>
  <line id="13">
    <str id="13">因中新供热时,供热人成4及时的修,并在小时内通知用热人。</str>
  </line>
  <line id="14">
    <str id="14">并在</str>
  </line>
  <line id="15">
    <str id="15">(八)有义务按照合同约定的数人、质量和使用范围向用热人供热。</str>
  </line>
  <line id="16">
    <str id="16">第六条用热人的权利和义务</str>
  </line>
  <line id="17">
    <str id="17">(二二)监督供热人按照合同定的数和质量向用热人提供热力。</str>
  </line>
  <line id="18">
    <str id="18">(二)一每权对供热人收取的热费及确定的热价申请复核。</str>
  </line>
  <line id="19">
    <str id="19">并按照规</str>
  </line>
  <line id="20">
    <str id="20">(三)用热人新增或者增加用热,应当向供热人输用热申请手续,</str>
  </line>
  <line id="21">
    <str id="21">定办理有关事项。</str>
  </line>
  <line id="22">
    <str id="22">暂停或者停止用热、</str>
  </line>
  <line id="23">
    <str id="23">变更户名、减少用热、</str>
  </line>
  <line id="24">
    <str id="24">(四)用热人交电用热性质、</str>
  </line>
  <line id="25">
    <str id="25">移动表位和移用热地址,应当事,向供热人办理手续。停止用热时,应当将</str>
  </line>
  <line id="26">
    <str id="26">热费结清。</str>
  </line>
  <line id="27">
    <str id="27">(五)用热人的严户银行或者账号如有变更,应当及时通知供热人。</str>
  </line>
  <line id="28">
    <str id="28">(六)赔当按照合同约定向供热人交热费。</str>
  </line>
  <line id="29">
    <str id="29">(七)对自乙产权用内的用热设加当认真维护,及时检修。</str>
  </line>
  <line id="30">
    <str id="30">违约责行</str>
  </line>
  <line id="31">
    <str id="31">第七条</str>
  </line>
  <line id="32">
    <str id="32">(二)供热人的违约责任</str>
  </line>
  <line id="33">
    <str id="33">8供热人责行未按照合同约定的期限向用热人供热的,除按照延误供热</str>
  </line>
  <line id="34">
    <str id="34">1</str>
  </line>
  <line id="35">
    <str id="35">时间,折算标准热价减收或者退用热人热费外,还府当向用热人支付热费目分</str>
  </line>
  <line id="36">
    <str id="36">进约金。</str>
  </line>
  <line id="37">
    <str id="37">之</str>
  </line>
  <line id="38">
    <str id="38">地供热人承担赔偿责任。</str>
  </line>
  <line id="39">
    <str id="39">由于供热人责任事故,给用热人造成损失的</str>
  </line>
  <line id="40">
    <str id="40">2</str>
  </line>
  <line id="41">
    <str id="41">供热人应当减收或档退还给用热人实际未达到供热质量标准部分的热费。</str>
  </line>
  <line id="42">
    <str id="42">造成供热质算达不到规定的标准,供热人不承担责任</str>
  </line>
  <line id="43">
    <str id="43">但电下列情况之一</str>
  </line>
  <line id="44">
    <str id="44">(1)用热人擅自改变用室结构和室内供热设施的</str>
  </line>
  <line id="45">
    <str id="45">(2)室内因装修和保温措方不当影响供热效果的</str>
  </line>
  <line id="46">
    <str id="46">(3)停、停电造成供热中的</str>
  </line>
  <line id="47">
    <str id="47">(4)热力设施下常的检修、检修和供热试运行期间。</str>
  </line>
  <line id="48">
    <str id="48">未能及时通知用热人,给用热人造成损失</str>
  </line>
  <line id="49">
    <str id="49">供热人的供热设施方现故障</str>
  </line>
  <line id="50">
    <str id="50">3</str>
  </line>
  <line id="51">
    <str id="51" />
  </line>
  <line id="52">
    <str id="52">供热人应当承担赔偿责任。</str>
  </line>
  <line id="53">
    <str id="53">的</str>
  </line>
  <line id="54">
    <str id="54">4.由于不可抗力的原因或者政府行为造成停止供热,使用热人受到损失的</str>
  </line>
</Document>