<Document>
  <line id="1">
    <str id="1">建编工程施工承包合同/书/协议(范本</str>
  </line>
  <line id="2">
    <str id="2">发包人(以下简称甲方):华更电子有限公司</str>
  </line>
  <line id="3">
    <str id="3">住址:天津区55:</str>
  </line>
  <line id="4">
    <str id="4">深包人(以下简称乙方):联东山建行有限公司</str>
  </line>
  <line id="5">
    <str id="5">住址:天津西有区26号</str>
  </line>
  <line id="6">
    <str id="6">甲乙双方依照《中华人民共和国合同法》、《中华人民共和国建法》及国家有关法律</str>
  </line>
  <line id="7">
    <str id="7">法规,本着平等、自愿、公平、诚信的原则,结合本工程施工具体情况,经甲乙双方充分协</str>
  </line>
  <line id="8">
    <str id="8">商,部</str>
  </line>
  <line id="9">
    <str id="9">工程施工事自达成如下协议以资共同守执行</str>
  </line>
  <line id="10">
    <str id="10">工程概况</str>
  </line>
  <line id="11">
    <str id="11">1税名称</str>
  </line>
  <line id="12">
    <str id="12">2程地点:</str>
  </line>
  <line id="13">
    <str id="13">3、程内容</str>
  </line>
  <line id="14">
    <str id="14">4、工程范围</str>
  </line>
  <line id="15">
    <str id="15">5、工程期限</str>
  </line>
  <line id="16">
    <str id="16">开工日期:2018年7月4日,竣日期:2020年7月4日,总共730天</str>
  </line>
  <line id="17">
    <str id="17">6承包方式:</str>
  </line>
  <line id="18">
    <str id="18">二工程结算和支付</str>
  </line>
  <line id="19">
    <str id="19">1结算工程量的核实确认,按图纸设计量并能同业主结算的工程量为依据,临时工程</str>
  </line>
  <line id="20">
    <str id="20">以方案量并参用测量收方量为结算的依据</str>
  </line>
  <line id="21">
    <str id="21">2、乙方应在每月4日前按甲方规定的报表上提,甲方向业主办理完毕工程结算手续后</str>
  </line>
  <line id="22">
    <str id="22">30日内向乙方办理工程价款结算。</str>
  </line>
  <line id="23">
    <str id="23">3、本合同外因设计变更或￥方(或监理)原因而对新增项目的工程量与新增单价(或</str>
  </line>
</Document>