<Document>
  <line id="1">
    <str id="1">十算机软件采购合同</str>
  </line>
  <line id="2">
    <str id="2">号。因交方责任需要修复或更换有缺陷软产,运或</str>
  </line>
  <line id="3">
    <str id="3">日起</str>
  </line>
  <line id="4">
    <str id="4">则质保期按实际修复或换货所延误的相延长</str>
  </line>
  <line id="5">
    <str id="5">进迟安装时</str>
  </line>
  <line id="6">
    <str id="6">买方要求修复、换有缺软体厂到提的</str>
  </line>
  <line id="7">
    <str id="7">73合同软件质保期结束后</str>
  </line>
  <line id="8">
    <str id="8">他维护保修服务的,卖方不得拒绝,但可按不高于该品当面向场的/</str>
  </line>
  <line id="9">
    <str id="9">的经二服务费价格收取费用。</str>
  </line>
  <line id="10">
    <str id="10">74在质保期内合同软件1现一般故障时,1方内在接到买方通知后的</str>
  </line>
  <line id="11">
    <str id="11">确定故障情况,就如何排除故做出决定并书通方</str>
  </line>
  <line id="12">
    <str id="12">时内作出即应</str>
  </line>
  <line id="13">
    <str id="13">保证合同软件在按到通知后小时内恢复止常。如果合同软件出现重大故章</str>
  </line>
  <line id="14">
    <str id="14">/因派遣工程</str>
  </line>
  <line id="15">
    <str id="15">卖方应年接到买方通知后时内作出响应,提供解决方案</str>
  </line>
  <line id="16">
    <str id="16">1日以恢复止常2</str>
  </line>
  <line id="17">
    <str id="17">执术人员用最快捷的交通下具前在现场,使合同软件在</str>
  </line>
  <line id="18">
    <str id="18">75在质保期内,如果卖方对合同软件在功能、运行维护等方进行了技术</str>
  </line>
  <line id="19">
    <str id="19">,并应免费向方提供与述术改进有的详</str>
  </line>
  <line id="20">
    <str id="20">改进,本方应积极向买方推广</str>
  </line>
  <line id="21">
    <str id="21">技术资料。</str>
  </line>
  <line id="22">
    <str id="22">第8条合同价格</str>
  </line>
  <line id="23">
    <str id="23">)(含税),具体价格构成</str>
  </line>
  <line id="24">
    <str id="24">8.1合同价格为人民币(大写)(￥</str>
  </line>
  <line id="25">
    <str id="25">包括但不限于以下费用</str>
  </line>
  <line id="26">
    <str id="26">见《分项价格表》(附件二)。合同价格为定价格</str>
  </line>
  <line id="27">
    <str id="27">(1)卖提供本合同范的内完整的合同软件、技术文件的费用以及所发生</str>
  </line>
  <line id="28">
    <str id="28">的相应的运费:</str>
  </line>
  <line id="29">
    <str id="29">(2)软件永久话可使用费(包括第三方软件许可使用费)</str>
  </line>
  <line id="30">
    <str id="30">(3)根据合同提供的安装、调试等技术服务的费用:</str>
  </line>
  <line id="31">
    <str id="31">(4)质保期内的服务费用</str>
  </line>
  <line id="32">
    <str id="32">(5)技术培训费用,包括他不限于场地、数材、食档、卖方及接受培训人</str>
  </line>
  <line id="33">
    <str id="33">员交通费</str>
  </line>
  <line id="34">
    <str id="34">(6)卖方就本合同履行依据法律应方方的全部税费</str>
  </line>
  <line id="35">
    <str id="35">(7)卖方为元成合同义务所需文付的其他费用。</str>
  </line>
  <line id="36">
    <str id="36">8.2合同价款的支付</str>
  </line>
  <line id="37">
    <str id="37">8.2.1买方应以电汇/乙票/文票方式卖方支付合同价款。</str>
  </line>
  <line id="38">
    <str id="38">8.2.2买方按照下述进度向卖方支付合同价款:</str>
  </line>
  <line id="39">
    <str id="39">在买方支付任何一笔</str>
  </line>
  <line id="40">
    <str id="40">合同价款前,卖方均应按照买方要求提供符合要求的发票。</str>
  </line>
  <line id="41">
    <str id="41">83买方有权从任何二笔应向卖方支付的款项中扣除卖方按照本合同约定</str>
  </line>
  <line id="42">
    <str id="42">需向买方支付的违约金或赔偿金2</str>
  </line>
  <line id="43">
    <str id="43">第9条_履约保证金</str>
  </line>
  <line id="44">
    <str id="44">9.1卖方应在合同签订后5日内向买方提交金额为合同价格10%的履约保证</str>
  </line>
  <line id="45">
    <str id="45">2双方可在"第20条特别约定"条款中约定一般故障和重大故障的含义,可以依据</str>
  </line>
  <line id="46">
    <str id="46">《国家电网公司信息系统事故调及统计规定》,将一般故障换为障,重大故障等换为</str>
  </line>
  <line id="47">
    <str id="47">事故。</str>
  </line>
  <line id="48">
    <str id="48">3如不包括或增加果:费用,可在"第20条特别约定"条款中修改或补充</str>
  </line>
  <line id="49">
    <str id="49">4</str>
  </line>
</Document>