<Document>
  <line id="1">
    <str id="1">计算机软体采购合同</str>
  </line>
  <line id="2">
    <str id="2">适用法律</str>
  </line>
  <line id="3">
    <str id="3">第15条</str>
  </line>
  <line id="4">
    <str id="4">本合同的订立一解程履行及争议解决,均适用中华人民共和国法律</str>
  </line>
  <line id="5">
    <str id="5">争议解决</str>
  </line>
  <line id="6">
    <str id="6">第16条</str>
  </line>
  <line id="7">
    <str id="7">16.1双方发生争议时,应本着议实信用原则,通过友好协商解决</str>
  </line>
  <line id="8">
    <str id="8">种方式处理:</str>
  </line>
  <line id="9">
    <str id="9">16.2若争议经协商仍无法解决的,按以下第</str>
  </line>
  <line id="10">
    <str id="10">一按照申请仲裁时该仲裁机构有效的仲裁规则进</str>
  </line>
  <line id="11">
    <str id="11">(1)仲裁:提交</str>
  </line>
  <line id="12">
    <str id="12">仲裁。仲裁裁决是终局的,对双方均有约束力。</str>
  </line>
  <line id="13">
    <str id="13">所在地人民法院提起诉讼</str>
  </line>
  <line id="14">
    <str id="14">(2)诉讼:向</str>
  </line>
  <line id="15">
    <str id="15">合同中未涉及争议部分的条款仍须履行。</str>
  </line>
  <line id="16">
    <str id="16">16.3在争议解决期间</str>
  </line>
  <line id="17">
    <str id="17">合同生效</str>
  </line>
  <line id="18">
    <str id="18">第1乙条</str>
  </line>
  <line id="19">
    <str id="19">本合同自双方法定代表人(负责人)或其授权代表签署并加盖双方公章或</str>
  </line>
  <line id="20">
    <str id="20">合同安用单2日起华效。</str>
  </line>
  <line id="21">
    <str id="21">第18条签订日期</str>
  </line>
  <line id="22">
    <str id="22">合同签订日期以双方中最后一方签署并加盖公章或合同专用章的日期为准。</str>
  </line>
  <line id="23">
    <str id="23">份数</str>
  </line>
  <line id="24">
    <str id="24">第19条</str>
  </line>
  <line id="25">
    <str id="25">份,具有同等效力。</str>
  </line>
  <line id="26">
    <str id="26">份,卖方执</str>
  </line>
  <line id="27">
    <str id="27">买方执</str>
  </line>
  <line id="28">
    <str id="28">本合同一式份,</str>
  </line>
  <line id="29">
    <str id="29">特别约定</str>
  </line>
  <line id="30">
    <str id="30">第20条</str>
  </line>
  <line id="31">
    <str id="31">本特别约定是对合同其他条款的修改或补充,如有不致,以特别约定为准。</str>
  </line>
  <line id="32">
    <str id="32">(以下元正文)</str>
  </line>
  <line id="33">
    <str id="33">签订涉外合同时需约定合日的适用法律,应以约定形国法律为宜。</str>
  </line>
  <line id="34">
    <str id="34">建议区量选择买方所在地法院或仲裁委员会作为争议解决机构。如进择仲裁作为争议</str>
  </line>
  <line id="35">
    <str id="35">解决方式时,应核实所填号的仲裁委反公在及其名称是否准确。自自计非每一城市</str>
  </line>
  <line id="36">
    <str id="36">设有仲裁委是会。系统内单位之间签订本合同,天择161条款中的协商解决作为争议解</str>
  </line>
  <line id="37">
    <str id="37">户式。</str>
  </line>
  <line id="38">
    <str id="38">名如进其他仲裁规则,可以在特别约定条款中明确</str>
  </line>
  <line id="39">
    <str id="39">如本合同当事人为非法人单位,则由其负竞人或负责人的权代表签字。如本合同由</str>
  </line>
  <line id="40">
    <str id="40">授权代表签字时,需出方合法有效的法定代表人或复责人的提权委托书。</str>
  </line>
  <line id="41">
    <str id="41">对本统一合同义本的任何修改或补充,均应在本条(第20条特别约定)中约定</str>
  </line>
  <line id="42">
    <str id="42">如零修改时,应明确修改的具体条款,天例:将第9.3款修改为:</str>
  </line>
  <line id="43">
    <str id="43">如需补充时</str>
  </line>
  <line id="44">
    <str id="44">应订立补充条款,天例:"增加以下条款:</str>
  </line>
  <line id="45">
    <str id="45">增加以下条款::。</str>
  </line>
  <line id="46">
    <str id="46">章</str>
  </line>
  <line id="47">
    <str id="47">17</str>
  </line>
</Document>