<Document>
  <line id="1">
    <str id="1">费用标准详见应文件(编编号:TG2-2017--0219)</str>
  </line>
  <line id="2">
    <str id="2">(三)支付时间:会议结束后15个工作日内,经双方共</str>
  </line>
  <line id="3">
    <str id="3">同确认后,乙方向甲方提供行政性事业单位收据,甲方应在</str>
  </line>
  <line id="4">
    <str id="4">收到收据后次性支付乙方收据载明的费用</str>
  </line>
  <line id="5">
    <str id="5">(四)支付方式:采用支票或转账付款。</str>
  </line>
  <line id="6">
    <str id="6">(五)付款信息:</str>
  </line>
  <line id="7">
    <str id="7">单位名称:天津市宜传部</str>
  </line>
  <line id="8">
    <str id="8">开户银行:天津银行东津园区支行</str>
  </line>
  <line id="9">
    <str id="9">银行账号:100000008</str>
  </line>
  <line id="10">
    <str id="10">甲方权利及义务</str>
  </line>
  <line id="11">
    <str id="11">三</str>
  </line>
  <line id="12">
    <str id="12">章章</str>
  </line>
  <line id="13">
    <str id="13">(一)甲方委托乙方负责为第五届民洽会、第十届洽</str>
  </line>
  <line id="14">
    <str id="14">会活动提供各项接符有偿服务:</str>
  </line>
  <line id="15">
    <str id="15">()甲方应当在相关服务的常配合乙方的工作:</str>
  </line>
  <line id="16">
    <str id="16">(三)甲方有权根据现实情况对乙方提供的务流程、</str>
  </line>
  <line id="17">
    <str id="17">标准提出改动意见</str>
  </line>
  <line id="18">
    <str id="18">(四)甲方应按合同约定支付服务费用</str>
  </line>
  <line id="19">
    <str id="19">量</str>
  </line>
  <line id="20">
    <str id="20">四、乙方权利及义务</str>
  </line>
  <line id="21">
    <str id="21">(二)乙方应当认真履行本合同约定的服务项目,确保</str>
  </line>
  <line id="22">
    <str id="22">项目按照双方协定的方案进行实施,实施过程中双方应计对</str>
  </line>
  <line id="23">
    <str id="23">现场情况随时进行沟通,条件允许的情况下,乙方有责任支</str>
  </line>
  <line id="24">
    <str id="24">持甲方提出的其他服务需求;条件不允话的,乙方应及时通</str>
  </line>
  <line id="25">
    <str id="25">过电话或的件形式向甲方说明。</str>
  </line>
  <line id="26">
    <str id="26">3/5</str>
  </line>
  <line id="27">
    <str id="27" />
  </line>
</Document>