<Document>
  <line id="1">
    <str id="1">用电设备改造工程合同</str>
  </line>
  <line id="2">
    <str id="2">甲方:</str>
  </line>
  <line id="3">
    <str id="3">话</str>
  </line>
  <line id="4">
    <str id="4">乙方:</str>
  </line>
  <line id="5">
    <str id="5">章</str>
  </line>
  <line id="6">
    <str id="6">电话</str>
  </line>
  <line id="7">
    <str id="7">甲、乙双方对次项节电改造意至的营,</str>
  </line>
  <line id="8">
    <str id="8">根担节电改造下程试装测试和验收的情况3</str>
  </line>
  <line id="9">
    <str id="9">的全部用电设备进行全面的节电改造</str>
  </line>
  <line id="10">
    <str id="10">《代签订《节电改造下程合同》对行于</str>
  </line>
  <line id="11">
    <str id="11">、用电设备的种类、数量及相应的内电设备种类和数。</str>
  </line>
  <line id="12">
    <str id="12">总管</str>
  </line>
  <line id="13">
    <str id="13">单价</str>
  </line>
  <line id="14">
    <str id="14">用电设备名称数量所需问电设备型号数量</str>
  </line>
  <line id="15">
    <str id="15">技电2日P0313000003120</str>
  </line>
  <line id="16">
    <str id="16">空调11:力P-201381239900</str>
  </line>
  <line id="17">
    <str id="17">照明300司朗00298800123000</str>
  </line>
  <line id="18">
    <str id="18">合计</str>
  </line>
  <line id="19">
    <str id="19">76目:</str>
  </line>
  <line id="20">
    <str id="20">二、经双方协商,乙方采取次双万:设备方:。具体的付款方式交下</str>
  </line>
  <line id="21">
    <str id="21">甲方收款后,市医级织电设备</str>
  </line>
  <line id="22">
    <str id="22">签订之日起,日支付节电设备总货款的30%给甲方</str>
  </line>
  <line id="23">
    <str id="23">日内,保证将设备运到安装地点,并目组织工程技术人是开始安装:完成</str>
  </line>
  <line id="24">
    <str id="24">的生产。在10</str>
  </line>
  <line id="25">
    <str id="25">整个用电改造下程总下的50%时,乙方付下款的30%给甲方,款40整个</str>
  </line>
  <line id="26">
    <str id="26">方电改造工程全部完成并验合格以后一次性付给甲方。</str>
  </line>
  <line id="27">
    <str id="27">九款中明确的标准和方法。</str>
  </line>
  <line id="28">
    <str id="28">三、验收的标准和方法按照《试装协议书》第</str>
  </line>
  <line id="29">
    <str id="29">三</str>
  </line>
  <line id="30">
    <str id="30">四、义方的权利和义务</str>
  </line>
  <line id="31">
    <str id="31">甲方</str>
  </line>
  <line id="32">
    <str id="32">1</str>
  </line>
  <line id="33">
    <str id="33">生产的节电设备必须符合国家户品质量要求及技术指标,对合同中的全部设备,</str>
  </line>
  <line id="34">
    <str id="34">012</str>
  </line>
  <line id="35">
    <str id="35">两年内实行免费保修、保养。并免费为乙方提供电节电设备使用及维护的专业指导及:</str>
  </line>
  <line id="36">
    <str id="36">免费提供相关功及软件的升级务;两年后如设备出现故障,仍然负责维修,但</str>
  </line>
  <line id="37">
    <str id="37">询</str>
  </line>
  <line id="38">
    <str id="38">料费内中乙方负责。</str>
  </line>
  <line id="39">
    <str id="39">设备在运行中出现故障,甲方接到乙方通知后24时内派人到现场处理。</str>
  </line>
  <line id="40">
    <str id="40">(2</str>
  </line>
  <line id="41">
    <str id="41">节电设备安装运行以后,不得对乙方的用电设备造成任何的损害,否则,承担一</str>
  </line>
  <line id="42">
    <str id="42">《8</str>
  </line>
  <line id="43">
    <str id="43">切经济损失。</str>
  </line>
  <line id="44">
    <str id="44">2乙方</str>
  </line>
  <line id="45">
    <str id="45">指派专人协助方电改造工程的工作,为甲方工程技术人员提供便利的工作不境。</str>
  </line>
  <line id="46">
    <str id="46">(</str>
  </line>
  <line id="47">
    <str id="47">不得擅自增加用电设备,致使不电设备的负裁超过一定的容量,造成不必要的提</str>
  </line>
  <line id="48">
    <str id="48">(2</str>
  </line>
  <line id="49">
    <str id="49">失。确需增加用电设备,应通知甲方,相应增加节电设备。</str>
  </line>
  <line id="50">
    <str id="50">有义务维护好所安装的节电设备,不得有人为的破坏。</str>
  </line>
  <line id="51">
    <str id="51">88</str>
  </line>
  <line id="52">
    <str id="52">五、本合同未尽事宜,双方本着等友好的原则协商解决。</str>
  </line>
  <line id="53">
    <str id="53">六、本合同一式肆份,甲、乙双各执</str>
  </line>
  <line id="54">
    <str id="54">贰份,具有同等效力。</str>
  </line>
</Document>