<Document>
  <line id="1">
    <str id="1" />
  </line>
  <line id="2">
    <str id="2">系统程序使用协议</str>
  </line>
  <line id="3">
    <str id="3">甲方:道本</str>
  </line>
  <line id="4">
    <str id="4">科技有限公司</str>
  </line>
  <line id="5">
    <str id="5">乙方:全民</str>
  </line>
  <line id="6">
    <str id="6">本协议由提供产品服务方</str>
  </line>
  <line id="7">
    <str id="7">遭本科技有限公司(以下简称甲方)与向甲方购</str>
  </line>
  <line id="8">
    <str id="8">买产品的用户(以下简称乙方)签订。本着双方互利的原则,经双方协商,制订协议如下</str>
  </line>
  <line id="9">
    <str id="9">合作事项</str>
  </line>
  <line id="10">
    <str id="10">甲方为乙方提供动意购系统,乙方向甲方一次性付款10000元人民币。</str>
  </line>
  <line id="11">
    <str id="11">二、甲方的权利和义务</str>
  </line>
  <line id="12">
    <str id="12">(二二)甲方的权利</str>
  </line>
  <line id="13">
    <str id="13">甲方拥有产品的完全版权;甲方拥有向乙方提供的任何技术支持、服务所包含的资</str>
  </line>
  <line id="14">
    <str id="14">1</str>
  </line>
  <line id="15">
    <str id="15">料、信息、数据等的知识产权。</str>
  </line>
  <line id="16">
    <str id="16">甲方依照乙方户品购买申请中定制的服务规格提供相应服务。对乙方提出的超出该</str>
  </line>
  <line id="17">
    <str id="17">2</str>
  </line>
  <line id="18">
    <str id="18">服务范围的要求,甲方有权拒绝;对乙方超出定制的服务规格使用甲方品的行为,甲方</str>
  </line>
  <line id="19">
    <str id="19">权采取任何措施予以制1</str>
  </line>
  <line id="20">
    <str id="20">3在乙方如现违反乙方义务第1点、第2点、第5点的情况时,甲方有权终止向乙方</str>
  </line>
  <line id="21">
    <str id="21">提供的相应服务。乙方违反该义务给甲方及甲方其用户造成损失的,还应承担相应的赔偿</str>
  </line>
  <line id="22">
    <str id="22">责任。</str>
  </line>
  <line id="23">
    <str id="23">甲方对于乙方未经同意自行修改产品源代码和进行的提作引发的故障、间题及乙方</str>
  </line>
  <line id="24">
    <str id="24">4</str>
  </line>
  <line id="25">
    <str id="25">所发布信息的内容所产生的影响不承担任何责任。</str>
  </line>
  <line id="26">
    <str id="26">(二)甲方的义务</str>
  </line>
  <line id="27">
    <str id="27">甲方向乙方提供相应产品,并提供合同约定的相应服务。</str>
  </line>
  <line id="28">
    <str id="28">1</str>
  </line>
  <line id="29">
    <str id="29">2.在乙方依照本合同的规定履行义务的情况下,甲方保证乙方购买的产品在行正常运</str>
  </line>
  <line id="30">
    <str id="30">行,稳定可。</str>
  </line>
  <line id="31">
    <str id="31">甲方完全按照《产品服务手册》规定的服务范围向乙方提供相应的服务,并尽力为</str>
  </line>
  <line id="32">
    <str id="32">3</str>
  </line>
  <line id="33">
    <str id="33">乙方解决由于第三方人为提作出现的故障。</str>
  </line>
  <line id="34">
    <str id="34">三、乙方的权利和义务</str>
  </line>
  <line id="35">
    <str id="35">(二)乙方的权利</str>
  </line>
  <line id="36">
    <str id="36">1.可方次性地使用本作品。</str>
  </line>
  <line id="37">
    <str id="37">2能且只能为本作品制作一个备份,以备作品受破坏时进行恢复。是该备份不得在</str>
  </line>
</Document>