<Document>
  <line id="1">
    <str id="1">双险甲乙双方经自承担自日的部分,乙方无权就此向方赔</str>
  </line>
  <line id="2">
    <str id="2" />
  </line>
  <line id="3">
    <str id="3">6、工程实施期间不可准免的会出现方工、停工现,除甲方调工作面以外所发生的</str>
  </line>
  <line id="4">
    <str id="4" />
  </line>
  <line id="5">
    <str id="5">以工与停工的费用二律不补偿。</str>
  </line>
  <line id="6">
    <str id="6">工程货程标准及验收</str>
  </line>
  <line id="7">
    <str id="7">1、乙方必须按照具国家有关施工验收规范设计图纸及有关设计通知主合同中的量</str>
  </line>
  <line id="8">
    <str id="8">要求及甲方质量体系要求控制质量,接受甲方、监理业主对用量格检盘、控制2</str>
  </line>
  <line id="9">
    <str id="9">2、乙方应配备专配的质量检查人员,建立完善的质量检控制度,配合甲方三检人员做</str>
  </line>
  <line id="10">
    <str id="10">好各工的质量检查及验收工作。</str>
  </line>
  <line id="11">
    <str id="11" />
  </line>
  <line id="12">
    <str id="12">3乙方应对其所承担工程项日的施工质负全责,如发生质事故,应在5/时内:</str>
  </line>
  <line id="13">
    <str id="13">告甲方,对施质量缺陷负责迟工并承担相关费用对不合格产目,甲方有权要求乙方予以</str>
  </line>
  <line id="14">
    <str id="14">设工承担由此计成的经济损失和期延误不符合质要求的工程项目,甲方不计量。</str>
  </line>
  <line id="15">
    <str id="15">结算。</str>
  </line>
  <line id="16">
    <str id="16">4、乙方应严格按甲方的格下过程质验收程序要求进行全过程的量检查、验收。产</str>
  </line>
  <line id="17">
    <str id="17">目经监理、甲方验收合格后可转入下道工序。</str>
  </line>
  <line id="18">
    <str id="18">5、隐求工程和工程的隐商部位须经甲方及监理检查验收签字后乙方方管进行基</str>
  </line>
  <line id="19">
    <str id="19">进入下道工序。</str>
  </line>
  <line id="20">
    <str id="20">6、乙方所承担的本合同工程项目完工后10天内,乙方应按照理业主及甲方的要</str>
  </line>
  <line id="21">
    <str id="21">求,向甲方提交合格的竣工资料一式2份,并配合甲方进行验收工作,不提交竣工资不</str>
  </line>
  <line id="22">
    <str id="22">予竣工决算。</str>
  </line>
  <line id="23">
    <str id="23">7分包工程竣工验收未能通过目于乙方原因的,乙方负责修复相应缺陷并承担由此</str>
  </line>
  <line id="24">
    <str id="24">发生的费用和相应的质量责任工。</str>
  </line>
  <line id="25">
    <str id="25">8、本合同工程缺陷责任期为2年,缺陷责任期内的缺陷修由乙方负费,并承担关</str>
  </line>
</Document>