<Document>
  <line id="1">
    <str id="1">计算机软件采购合同</str>
  </line>
  <line id="2">
    <str id="2">录</str>
  </line>
  <line id="3">
    <str id="3">目</str>
  </line>
  <line id="4">
    <str id="4">第1条定义:......................................................................................--------.------。-。。1</str>
  </line>
  <line id="5">
    <str id="5">章章章章章章章章章章章章章章章基章章章量重章章量章章章章章章章重章重章章重量量量量量重章重章量量量章重靠章章章章章章重量重章重量量章章重重重重重章量重章章章章章章章章章章章章基靠重餐章章章章章量章重靠章章重重重重重重</str>
  </line>
  <line id="6">
    <str id="6">第2条合同标的........................................................................--..-2</str>
  </line>
  <line id="7">
    <str id="7">第</str>
  </line>
  <line id="8">
    <str id="8">第3条</str>
  </line>
  <line id="9">
    <str id="9">交付.......................................................................................................2</str>
  </line>
  <line id="10">
    <str id="10">第4条安装</str>
  </line>
  <line id="11">
    <str id="11">调试及验收..................2</str>
  </line>
  <line id="12">
    <str id="12" />
  </line>
  <line id="13">
    <str id="13">第5条</str>
  </line>
  <line id="14">
    <str id="14">技术服务.............................................................................................2</str>
  </line>
  <line id="15">
    <str id="15">第6条软件</str>
  </line>
  <line id="16">
    <str id="16">7级....................................................................................................--3</str>
  </line>
  <line id="17">
    <str id="17">第乙条</str>
  </line>
  <line id="18">
    <str id="18">质量保证..................................................................................................3</str>
  </line>
  <line id="19">
    <str id="19">第8条</str>
  </line>
  <line id="20">
    <str id="20">合同价格................................................................................................。4</str>
  </line>
  <line id="21">
    <str id="21">管4年112章年年年年22年年22222年24444422222224242222221122222422:2:年:::::::::::1年1:::::::111:::12:2:::</str>
  </line>
  <line id="22">
    <str id="22">第9条履约保证金........................................................................------4</str>
  </line>
  <line id="23">
    <str id="23">量量章量章量量章量章章理章章量章章章章章量章量量章量量量章量量量量量量量量量章章量量量量量章章量章理章章章理章量章量章章章章章章章章章理章章章章章章理章章章理章重章章重</str>
  </line>
  <line id="24">
    <str id="24">第10条知识产权....................................................................-----------------5</str>
  </line>
  <line id="25">
    <str id="25">第11条保密....................................................................................-5</str>
  </line>
  <line id="26">
    <str id="26">第12条违约责任.....................................................................-5</str>
  </line>
  <line id="27">
    <str id="27">第13条合同暂停与终1....................................................................-.--------。6</str>
  </line>
  <line id="28">
    <str id="28">管</str>
  </line>
  <line id="29">
    <str id="29">零章等</str>
  </line>
  <line id="30">
    <str id="30">第14条不可抗</str>
  </line>
  <line id="31">
    <str id="31">章</str>
  </line>
  <line id="32">
    <str id="32">1.............................................................................-.-6</str>
  </line>
  <line id="33">
    <str id="33">第15条话用法律.........................................................................--............----7</str>
  </line>
  <line id="34">
    <str id="34">第16条争议解决....................................................................--.-----------7</str>
  </line>
  <line id="35">
    <str id="35">章章章章章章章章章章章章章章章章章章章章章章章章章章章靠章章章章章章章章章章章章章章章章章章章章章章章章章章章章章章靠章章章章章章章章章章章章章章章章章章章章章章章章章章章章章章章章章章章章章章理章章</str>
  </line>
  <line id="36">
    <str id="36">第17条合同生效...........................................................................--....-----7</str>
  </line>
  <line id="37">
    <str id="37">41名年12义年室室:室年室室室室空空室室空空室室室室室室空室室室室室室室室室室室室年章重。</str>
  </line>
  <line id="38">
    <str id="38">条签订日期..........................................................................................7</str>
  </line>
  <line id="39">
    <str id="39">第18</str>
  </line>
  <line id="40">
    <str id="40">条份数.......................................................................................................7</str>
  </line>
  <line id="41">
    <str id="41">第19</str>
  </line>
  <line id="42">
    <str id="42">章4章理4章章4章章章章章章章章章章章章章章章章章章章章章章章章章章章章章章章章章章章章章章章章章章章章章章章章章章章章章章章章章章章章章章章章章章章章章章章章章基章章章章章章理章章章章理理章章章章章章重重</str>
  </line>
  <line id="43">
    <str id="43">第20条特别约定.............................................................................................-7</str>
  </line>
  <line id="44">
    <str id="44">量章章靠章靠量理肆靠事章章章章章靠章章章章靠章量量章靠章章章章章章章章章章章章章章章靠章章章靠靠章章章理章章章靠章靠章章章章章章靠靠章量章靠章章章靠章靠章章章靠量理章重章章靠重靠章重重</str>
  </line>
  <line id="45">
    <str id="45">管</str>
  </line>
</Document>