<Document>
  <line id="1">
    <str id="1">费用:若乙方未能及时修任期的缺陷,甲方期安排1,发体</str>
  </line>
  <line id="2">
    <str id="2">费用按实际发生由乙方承担,可在乙方的工程用款及有关被扣留的费用计,2</str>
  </line>
  <line id="3">
    <str id="3">方被扣留的质保金不予退。</str>
  </line>
  <line id="4">
    <str id="4">五施工安全</str>
  </line>
  <line id="5">
    <str id="5">1、乙方在施工过程中必须确保施工安全,对项目范围内的施工安全负全责:发生安全</str>
  </line>
  <line id="6">
    <str id="6">事故(包括险安全事故)应立即报告甲方。</str>
  </line>
  <line id="7">
    <str id="7">管</str>
  </line>
  <line id="8">
    <str id="8">2、因乙方费任发生安全事故,所造成的一切损失由乙方自行承担,如果给甲方或第</str>
  </line>
  <line id="9">
    <str id="9">三方造成了经济失,由乙方负费赔偿,且被留的安全保证金不予退还。</str>
  </line>
  <line id="10">
    <str id="10">3甲方统一修管本工程的文明施工,负责管理和协调下地的洽安保、不境和职业</str>
  </line>
  <line id="11">
    <str id="11">健康安全等有关文明施工事项,乙方应租极做好本合同施工范围内的文明不保工作。</str>
  </line>
  <line id="12">
    <str id="12">4、乙方在其施工场地内发现文物,应采取保的措施,并按主合同约定的时间和程序报</str>
  </line>
  <line id="13">
    <str id="13">告甲方,由于乙方的忽或过错造成的后果由乙方自行承担相应的经济和法律责。、施</str>
  </line>
  <line id="14">
    <str id="14">工材料、设备</str>
  </line>
  <line id="15">
    <str id="15">1、乙方应按合同要求组织施工设备,按实际需要向甲方提供场施工设备单(含入</str>
  </line>
  <line id="16">
    <str id="16">场时间),并按甲方现场总体要求进行律故管理,不得随意进出指定区或和乱停到故</str>
  </line>
  <line id="17">
    <str id="17">2一乙方入场施工设备必须是最大限度地满足施工需要,完好不于90%,若甲方一</str>
  </line>
  <line id="18">
    <str id="18">且发现乙方使用的施工设备因完好容他内或数纸不费等原因影响工程进度、进时,有权要</str>
  </line>
  <line id="19">
    <str id="19">求乙方增加或更换施工设备,乙方应齐以及时增加或更换,由此增加的费用和工期交误责任</str>
  </line>
  <line id="20">
    <str id="20">的由乙方承担。</str>
  </line>
  <line id="21">
    <str id="21">3乙方施工设备未经甲方批准不得擅自商开现场,否则按违约处理。</str>
  </line>
  <line id="22">
    <str id="22">4乙方施工设备的安全费任由乙方负责,对安全险较营的设备由甲方通制乙方购买</str>
  </line>
  <line id="23">
    <str id="23">相保险。</str>
  </line>
</Document>