<Document>
  <line id="1">
    <str id="1" />
  </line>
  <line id="2">
    <str id="2">(二)乙方应当按照合同约定的时间及服务标准完成所</str>
  </line>
  <line id="3">
    <str id="3">承揽的工作。</str>
  </line>
  <line id="4">
    <str id="4">(三)乙方有权要求甲方进行配合。</str>
  </line>
  <line id="5">
    <str id="5">(四)乙方对因此次活动而知悉的甲方商业秘密和涉密</str>
  </line>
  <line id="6">
    <str id="6">文件负有保密义务,不论本合同是否终止,本条款终有效。</str>
  </line>
  <line id="7">
    <str id="7">(五)乙方在未经甲方同意的情况下,不得使用甲方的</str>
  </line>
  <line id="8">
    <str id="8">相关标识,或将甲方的相关标识、文件提供给第三方做任何</str>
  </line>
  <line id="9">
    <str id="9">用途。</str>
  </line>
  <line id="10">
    <str id="10">(六)乙方须自行履行本合同项下所有服务事项,禁止</str>
  </line>
  <line id="11">
    <str id="11">未经甲方同意转包、包给其他第三方。</str>
  </line>
  <line id="12">
    <str id="12">五、违约条款</str>
  </line>
  <line id="13">
    <str id="13">(二)一方由于违约偿对方遭受损失的,应赔偿对方的</str>
  </line>
  <line id="14">
    <str id="14">实际损失:</str>
  </line>
  <line id="15">
    <str id="15">甲乙双方除非不可抗力或协商一致,</str>
  </line>
  <line id="16">
    <str id="16">(二)合同签订后</str>
  </line>
  <line id="17">
    <str id="17">任何一方不得随意调整服务内容</str>
  </line>
  <line id="18">
    <str id="18">(三)一方更改相关事项需经另一方同意。如单方违约,</str>
  </line>
  <line id="19">
    <str id="19">违约方须向守约方支付相关事项费用总额的20%作为违约金。</str>
  </line>
  <line id="20">
    <str id="20">六、争议的解决</str>
  </line>
  <line id="21">
    <str id="21">因执行本合同所产生的或与本合同有关的一切争议,双</str>
  </line>
  <line id="22">
    <str id="22">方均应友好协商解决。协商不成的,双方均可向甲方所在地</str>
  </line>
  <line id="23">
    <str id="23">方人民法院诉讼。</str>
  </line>
  <line id="24">
    <str id="24">七、其他</str>
  </line>
  <line id="25">
    <str id="25">4/5</str>
  </line>
</Document>