<Document>
  <line id="1">
    <str id="1">计章机软件采购合商</str>
  </line>
  <line id="2">
    <str id="2">第2条合同标的</str>
  </line>
  <line id="3">
    <str id="3">买方向卖方采购的合同软件的名称、数如下</str>
  </line>
  <line id="4">
    <str id="4">2。1</str>
  </line>
  <line id="5">
    <str id="5">合同关作名称</str>
  </line>
  <line id="6">
    <str id="6">211</str>
  </line>
  <line id="7">
    <str id="7">章章</str>
  </line>
  <line id="8">
    <str id="8">合同软件数量:</str>
  </line>
  <line id="9">
    <str id="9">2个</str>
  </line>
  <line id="10">
    <str id="10">212</str>
  </line>
  <line id="11">
    <str id="11">重</str>
  </line>
  <line id="12">
    <str id="12">21.3软件数算的计算方式:</str>
  </line>
  <line id="13">
    <str id="13">章章</str>
  </line>
  <line id="14">
    <str id="14">2.2卖方提供的合同软件的技术规范、技术条件、性能和方对合软行的</str>
  </line>
  <line id="15">
    <str id="15">技术保证</str>
  </line>
  <line id="16">
    <str id="16">详见《技术规范》(附件)。卖方应保证所提供的合同软作格的</str>
  </line>
  <line id="17">
    <str id="17">全的、技术进和成整的,产在性能、质算和设计方满延合约延交个、</str>
  </line>
  <line id="18">
    <str id="18">可章和自效运行与维的全全要求。</str>
  </line>
  <line id="19">
    <str id="19">交方应按照合同的相关约定,向买方提供技术文件。交方应保其提</str>
  </line>
  <line id="20">
    <str id="20">23</str>
  </line>
  <line id="21">
    <str id="21">的投术义件是完整的、清所易读的、准确无误的,能够满是本合同软件的检检、</str>
  </line>
  <line id="22">
    <str id="22">清所易读的、</str>
  </line>
  <line id="23">
    <str id="23">安装、调试、</str>
  </line>
  <line id="24">
    <str id="24">测试、金运行和维护的需要。</str>
  </line>
  <line id="25">
    <str id="25">卖方承诺所提供的合同软件不含有任何安全患,并在软作使用/内</str>
  </line>
  <line id="26">
    <str id="26">2</str>
  </line>
  <line id="27">
    <str id="27">2。4</str>
  </line>
  <line id="28">
    <str id="28">扣4方责任(包括但不于消安全患、退赔偿损失等)。发作1</str>
  </line>
  <line id="29">
    <str id="29">合同软作必全引起的事改时,卖方应赔偿买方及相关用户因此发/的损失。</str>
  </line>
  <line id="30">
    <str id="30">,</str>
  </line>
  <line id="31">
    <str id="31">在本合同生效之日起容合同软件通过验收、投入下常议行下下</str>
  </line>
  <line id="32">
    <str id="32">2</str>
  </line>
  <line id="33">
    <str id="33">卖力应负责免费向买方提供合同软件有关的新的和/或改进的行级验、技术</str>
  </line>
  <line id="34">
    <str id="34">发和安全方面的所有资料及信息。</str>
  </line>
  <line id="35">
    <str id="35">第3条交付</str>
  </line>
  <line id="36">
    <str id="36">卖方应按下述进度计划交付合同软件:</str>
  </line>
  <line id="37">
    <str id="37">31</str>
  </line>
  <line id="38">
    <str id="38">重</str>
  </line>
  <line id="39">
    <str id="39">3.2交付地点:</str>
  </line>
  <line id="40">
    <str id="40">重</str>
  </line>
  <line id="41">
    <str id="41">3.3卖方如未能按照述进度计划交付合同软件的,按合运约</str>
  </line>
  <line id="42">
    <str id="42">责任。</str>
  </line>
  <line id="43">
    <str id="43">调试及验收</str>
  </line>
  <line id="44">
    <str id="44">安装、</str>
  </line>
  <line id="45">
    <str id="45">第4条</str>
  </line>
  <line id="46">
    <str id="46">合同软件的交装由卖方根据合同约定及技术文作规延的标准、方沟和和</str>
  </line>
  <line id="47">
    <str id="47">41</str>
  </line>
  <line id="48">
    <str id="48">字进行。卖方应对合同软件的调试和性能及合同约定的体、安合和训</str>
  </line>
  <line id="49">
    <str id="49">负全部责任。</str>
  </line>
  <line id="50">
    <str id="50">试方应负资调试。</str>
  </line>
  <line id="51">
    <str id="51">合同软件安装毕后</str>
  </line>
  <line id="52">
    <str id="52">害个</str>
  </line>
  <line id="53">
    <str id="53">1</str>
  </line>
  <line id="54">
    <str id="54">合同软件安装调试完名日试运行线表,符合合约延的术准和</str>
  </line>
  <line id="55">
    <str id="55">3</str>
  </line>
  <line id="56">
    <str id="56">双方间的方述合权13:收</str>
  </line>
  <line id="57">
    <str id="57">买方将向方按发合软件验收证</str>
  </line>
  <line id="58">
    <str id="58">要求的。</str>
  </line>
  <line id="59">
    <str id="59">正书并不减轻或免除需求使用过程4求方的1责/</str>
  </line>
  <line id="60">
    <str id="60">合同软件人能达到约延保训代i收工/受的,交方况报</str>
  </line>
  <line id="61">
    <str id="61">4.4如果经3金收。</str>
  </line>
  <line id="62">
    <str id="62">合同约起承担违约责任</str>
  </line>
  <line id="63">
    <str id="63">技术服务</str>
  </line>
  <line id="64">
    <str id="64">第5条</str>
  </line>
  <line id="65">
    <str id="65">的定名理货议:方协调处理本合门</str>
  </line>
  <line id="66">
    <str id="66">5.1或方日2有:合门执行期间</str>
  </line>
  <line id="67">
    <str id="67">购失1技术问题及就技术题发4:议,《方下公机门纸因、分</str>
  </line>
  <line id="68">
    <str id="68">关的执行:1</str>
  </line>
  <line id="69">
    <str id="69">每</str>
  </line>
  <line id="70">
    <str id="70">试、制3收期内1:1度、</str>
  </line>
  <line id="71">
    <str id="71">1合软作的调试、</str>
  </line>
  <line id="72">
    <str id="72">第情手出商:方案:</str>
  </line>
  <line id="73">
    <str id="73">1</str>
  </line>
</Document>