<Document>
  <line id="1">
    <str id="1">章)</str>
  </line>
  <line id="2">
    <str id="2">盖</str>
  </line>
  <line id="3">
    <str id="3">(</str>
  </line>
  <line id="4">
    <str id="4">方</str>
  </line>
  <line id="5">
    <str id="5">乙</str>
  </line>
  <line id="6">
    <str id="6">地培</str>
  </line>
  <line id="7">
    <str id="7">)</str>
  </line>
  <line id="8">
    <str id="8">(</str>
  </line>
  <line id="9">
    <str id="9">方:(盖章)乙方</str>
  </line>
  <line id="10">
    <str id="10">甲</str>
  </line>
  <line id="11">
    <str id="11" />
  </line>
  <line id="12">
    <str id="12">签名)</str>
  </line>
  <line id="13">
    <str id="13">(</str>
  </line>
  <line id="14">
    <str id="14">表:</str>
  </line>
  <line id="15">
    <str id="15">代</str>
  </line>
  <line id="16">
    <str id="16">签名)</str>
  </line>
  <line id="17">
    <str id="17">(</str>
  </line>
  <line id="18">
    <str id="18">装:(签名)代交:</str>
  </line>
  <line id="19">
    <str id="19">代</str>
  </line>
  <line id="20">
    <str id="20">本</str>
  </line>
  <line id="21">
    <str id="21">日</str>
  </line>
  <line id="22">
    <str id="22">月</str>
  </line>
  <line id="23">
    <str id="23">年</str>
  </line>
  <line id="24">
    <str id="24">日</str>
  </line>
  <line id="25">
    <str id="25">年月</str>
  </line>
</Document>