<Document>
  <line id="1">
    <str id="1">其他服务备户用。</str>
  </line>
  <line id="2">
    <str id="2">可以向甲方各询解决方法,甲方应及时提供</str>
  </line>
  <line id="3">
    <str id="3">在合后其内使用甲方产品若出现问题</str>
  </line>
  <line id="4">
    <str id="4">13</str>
  </line>
  <line id="5">
    <str id="5">咨询服务。</str>
  </line>
  <line id="6">
    <str id="6">可以对作品或的外观进行适修改以适应个:生化的需求,前提是保留甲方的版权信</str>
  </line>
  <line id="7">
    <str id="7">4</str>
  </line>
  <line id="8">
    <str id="8">息:</str>
  </line>
  <line id="9">
    <str id="9">5.此作任不转卖他人</str>
  </line>
  <line id="10">
    <str id="10">进利用产品在国际互</str>
  </line>
  <line id="11">
    <str id="11">自行进行日常管理</str>
  </line>
  <line id="12">
    <str id="12">6.乙方提付甲方提供产品和产品管理日</str>
  </line>
  <line id="13">
    <str id="13">联上发行偿息,以及自行定信息的内容和文件的放结构等。</str>
  </line>
  <line id="14">
    <str id="14">二)乙方的义务</str>
  </line>
  <line id="15">
    <str id="15">必须在页面本保产任版权,设有版权的为版</str>
  </line>
  <line id="16">
    <str id="16" />
  </line>
  <line id="17">
    <str id="17">部不得再次故发、传据本作品,不得将本作品的全部或局</str>
  </line>
  <line id="18">
    <str id="18">7论是出于经济目的</str>
  </line>
  <line id="19">
    <str id="19">2</str>
  </line>
  <line id="20">
    <str id="20">培用在其他任中,不得将本作品或以本作品为基础进行改编后存次出告或提供下裁,达些</str>
  </line>
  <line id="21">
    <str id="21">行为均议为侵权乙于为,甲方将保留起权。</str>
  </line>
  <line id="22">
    <str id="22">有</str>
  </line>
  <line id="23">
    <str id="23">科技有限公司,以使及</str>
  </line>
  <line id="24">
    <str id="24">传使用者在使用本系统:程中如发现G,应及时通知</str>
  </line>
  <line id="25">
    <str id="25">3</str>
  </line>
  <line id="26">
    <str id="26">时更正</str>
  </line>
  <line id="27">
    <str id="27">或</str>
  </line>
  <line id="28">
    <str id="28">使用者应经常至整东络科技有限公司自方网或</str>
  </line>
  <line id="29">
    <str id="29">4</str>
  </line>
  <line id="30">
    <str id="30">查有最新消息,以行更社得免费补下及最新程序。</str>
  </line>
  <line id="31">
    <str id="31">5.乙方必须计算信包名国际民履安全保保护管理法》《中华人民共和国计</str>
  </line>
  <line id="32">
    <str id="32">算知偿章自国名国后共国管延暂行规定》中华人民共和国:一算机信息系级安全保护条例》《中</str>
  </line>
  <line id="33">
    <str id="33">全国人人常的会费于维护互联安全的决定》、互联网信息服</str>
  </line>
  <line id="34">
    <str id="34">华人民共和国电作</str>
  </line>
  <line id="35">
    <str id="35">互联网站人事登裁新间业务管理暂行</str>
  </line>
  <line id="36">
    <str id="36">互联了公告服务管理定</str>
  </line>
  <line id="37">
    <str id="37">务管理办::</str>
  </line>
  <line id="38">
    <str id="38">章</str>
  </line>
  <line id="39">
    <str id="39">和国家其名在其:法、法规、条,不得告/、复制、发布、传括任何法律法规1</str>
  </line>
  <line id="40">
    <str id="40">规定</str>
  </line>
  <line id="41">
    <str id="41">免有害息.:乙方对其级力和发的后告息违反述规定而引起的任何而起的政洽责行</str>
  </line>
  <line id="42">
    <str id="42">安律责任和给甲方技:经方失承全部责任。</str>
  </line>
  <line id="43">
    <str id="43">乙方有义务维并自三产的数据、令、密码的完整性和密性。因乙方维护或保</str>
  </line>
  <line id="44">
    <str id="44">心</str>
  </line>
  <line id="45">
    <str id="45">密不善致偿相关信息室或由了第二方盗用方帐号和密进行各种提作而造成的损失,由</str>
  </line>
  <line id="46">
    <str id="46">乙方自名复责。</str>
  </line>
  <line id="47">
    <str id="47">4、价格条款与付款方式</str>
  </line>
  <line id="48">
    <str id="48">管章章章</str>
  </line>
  <line id="49">
    <str id="49">乙方在存清购买产话前须按甲方规定的价格标准和依款事宜将足够的款项入甲方</str>
  </line>
  <line id="50">
    <str id="50">章章</str>
  </line>
  <line id="51">
    <str id="51" />
  </line>
  <line id="52">
    <str id="52">名的与中</str>
  </line>
  <line id="53">
    <str id="53">2.双方笔在合自期劳后经续合后的,乙方应于本合同届满前按届时有效的新的价格标</str>
  </line>
  <line id="54">
    <str id="54">准整定等二务结化款:二至其在甲方账户中:天本合同续有效。</str>
  </line>
  <line id="55">
    <str id="55">甲方免用限计依合场情记整修格标准的权:1</str>
  </line>
  <line id="56">
    <str id="56">已经履行的合同按照原价履行,本</str>
  </line>
  <line id="57">
    <str id="57">3</str>
  </line>
  <line id="58">
    <str id="58">全字之外合做合空充条款、签或新签合同按签订时的实际价格履行。</str>
  </line>
  <line id="59">
    <str id="59">合后期乙</str>
  </line>
  <line id="60">
    <str id="60">、</str>
  </line>
  <line id="61">
    <str id="61">意合写自2618年8月8</str>
  </line>
  <line id="62">
    <str id="62">日起排续有效,有效期至</str>
  </line>
</Document>