<Document>
  <line id="1">
    <str id="1">计算机软件采购合同</str>
  </line>
  <line id="2">
    <str id="2">分项价格表</str>
  </line>
  <line id="3">
    <str id="3">附件三</str>
  </line>
  <line id="4">
    <str id="4">资量年0少</str>
  </line>
  <line id="5">
    <str id="5">章</str>
  </line>
  <line id="6">
    <str id="6">产品名称版本</str>
  </line>
  <line id="7">
    <str id="7" />
  </line>
  <line id="8">
    <str id="8">章章</str>
  </line>
  <line id="9">
    <str id="9" />
  </line>
  <line id="10">
    <str id="10">总计(元)</str>
  </line>
  <line id="11">
    <str id="11">0</str>
  </line>
</Document>