<Document>
  <line id="1">
    <str id="1">章</str>
  </line>
  <line id="2">
    <str id="2">天津市宣传部</str>
  </line>
  <line id="3">
    <str id="3">会议服务项目合同</str>
  </line>
  <line id="4">
    <str id="4">合同编号:2017TGPC-2017-0-0219-2</str>
  </line>
  <line id="5">
    <str id="5">签约地点:天津</str>
  </line>
  <line id="6">
    <str id="6">履约地点:天津</str>
  </line>
  <line id="7">
    <str id="7">乙方:天津市国期中心</str>
  </line>
  <line id="8">
    <str id="8">方:天津市宣传部</str>
  </line>
  <line id="9">
    <str id="9">地址:天津市东而区大度410</str>
  </line>
  <line id="10">
    <str id="10">地址:天津市间延区友谊路88号</str>
  </line>
  <line id="11">
    <str id="11">109</str>
  </line>
  <line id="12">
    <str id="12">法定代表人:修培</str>
  </line>
  <line id="13">
    <str id="13">法定代表人:卖辉</str>
  </line>
  <line id="14">
    <str id="14">本天接</str>
  </line>
  <line id="15">
    <str id="15">联系人:</str>
  </line>
  <line id="16">
    <str id="16">联系人:杨传光</str>
  </line>
  <line id="17">
    <str id="17">电话:022-99399519</str>
  </line>
  <line id="18">
    <str id="18">电话:022-84222971</str>
  </line>
  <line id="19">
    <str id="19">传真:022-84222971传真:022-99399519</str>
  </line>
  <line id="20">
    <str id="20">为保证本届民洽会和全国知名民企天津行活动会务工</str>
  </line>
  <line id="21">
    <str id="21">作的利进行,依照《中华人民共和国合同法》及相关法律</str>
  </line>
  <line id="22">
    <str id="22">法规,甲乙双方本着平等自愿的原原页,经友好协商,2017年</str>
  </line>
  <line id="23">
    <str id="23">天津市中小企业发展进局第五届民洽会、第十一届南洽会</str>
  </line>
  <line id="24">
    <str id="24">会议服务的招标文件要求和中标结果作为合同条款要件,达</str>
  </line>
  <line id="25">
    <str id="25">成如下合同条款,以资共同信守。</str>
  </line>
  <line id="26">
    <str id="26">服务内容及时间</str>
  </line>
  <line id="27">
    <str id="27" />
  </line>
  <line id="28">
    <str id="28">等</str>
  </line>
  <line id="29">
    <str id="29">(二)乙方根据本合同向甲方提供会议策利、文有提号</str>
  </line>
  <line id="30">
    <str id="30">组织联络、客商联络接特、车辆安排、会务工作人员安排及</str>
  </line>
  <line id="31">
    <str id="31">各项现场会务工作。保证重点宾接送站、会场有量</str>
  </line>
  <line id="32">
    <str id="32">资料</str>
  </line>
  <line id="33">
    <str id="33">摆放、嘉宾签到、</str>
  </line>
  <line id="34">
    <str id="34">须导会见、签约议式、会场引须、现场管</str>
  </line>
  <line id="35">
    <str id="35">理、流程符接、住宿餐饮、餐观考案、交通组织等工作顺利</str>
  </line>
  <line id="36">
    <str id="36">实施。</str>
  </line>
  <line id="37">
    <str id="37">115</str>
  </line>
</Document>