<Document>
  <line id="1">
    <str id="1">或</str>
  </line>
  <line id="2">
    <str id="2" />
  </line>
  <line id="3">
    <str id="3">1制以,2/11:1</str>
  </line>
  <line id="4">
    <str id="4">(1)租金按年支付。乙双方签</str>
  </line>
  <line id="5">
    <str id="5">管)</str>
  </line>
  <line id="6">
    <str id="6">(</str>
  </line>
  <line id="7">
    <str id="7">要利</str>
  </line>
  <line id="8">
    <str id="8">元:每年租赁期满前个月向甲方复付下</str>
  </line>
  <line id="9">
    <str id="9">第二年租金,计</str>
  </line>
  <line id="10">
    <str id="10">(2)租金按季支付甲乙双方签订合月周内,乙方向甲方付和</str>
  </line>
  <line id="11">
    <str id="11">管)</str>
  </line>
  <line id="12">
    <str id="12">(</str>
  </line>
  <line id="13">
    <str id="13">名更和1</str>
  </line>
  <line id="14">
    <str id="14">元:每季和赁期满前10门内向甲方支付下</str>
  </line>
  <line id="15">
    <str id="15">赁第二个季度租金,计</str>
  </line>
  <line id="16">
    <str id="16">金。</str>
  </line>
  <line id="17">
    <str id="17">第四租赁期间相关费用的承担</str>
  </line>
  <line id="18">
    <str id="18">1、乙方租货期间的乙电暖等费用由乙方负责交纳。</str>
  </line>
  <line id="19">
    <str id="19">2、乙方租赁期间,有关市容环境卫生、门前三包等费用由乙方承担。国家</str>
  </line>
  <line id="20">
    <str id="20">行政收费,按有关规定由甲、乙双方各自负担。</str>
  </line>
  <line id="21">
    <str id="21">第五条甲方责任:</str>
  </line>
  <line id="22">
    <str id="22">甲方因按照本合同规定的期限向乙方交付租赁工地。</str>
  </line>
  <line id="23">
    <str id="23">1、</str>
  </line>
  <line id="24">
    <str id="24" />
  </line>
  <line id="25">
    <str id="25">并帮助乙方协调</str>
  </line>
  <line id="26">
    <str id="26">甲方应保证本宗土地上的、电、暖等基本设施完整</str>
  </line>
  <line id="27">
    <str id="27">2、</str>
  </line>
  <line id="28">
    <str id="28">同电、暖的提供方的有关事宜。</str>
  </line>
  <line id="29">
    <str id="29">第六条乙方责任。</str>
  </line>
  <line id="30">
    <str id="30">1、乙方应按照本合同的规定交纳租赁费用和承担租赁期间的其他费用。</str>
  </line>
  <line id="31">
    <str id="31">,未经甲方同意乙方不得擅</str>
  </line>
  <line id="32">
    <str id="32">2、乙方承租本其工地用于</str>
  </line>
  <line id="33">
    <str id="33">自改变用途,亦不得擅自装租本土地的使用权。</str>
  </line>
  <line id="34">
    <str id="34">3、乙方在租赁期间人事各项活动必须遵守国家法律法规,不得违法名::</str>
  </line>
  <line id="35">
    <str id="35">乙方生产经营所发生的任何事件以及给任何第三方造成的损失,由乙方行担</str>
  </line>
  <line id="36">
    <str id="36">责任。</str>
  </line>
  <line id="37">
    <str id="37">4、乙方在租用期间,不得随意改变本失地状况和地的用物、构执物</str>
  </line>
  <line id="38">
    <str id="38">附着物及、电、暖管网等设施,如确需改动或扩设成算在得甲方1</str>
  </line>
  <line id="39">
    <str id="39">意后方可实施,对有关设施进行改动或扩设备划列理关续,向乙方办</str>
  </line>
  <line id="40">
    <str id="40">理,甲方根据实际情况给协助,所需费用由乙方承提。</str>
  </line>
  <line id="41">
    <str id="41">5、合同约定的租赁期限满或双方协商一致解除合同后10,乙方的</str>
  </line>
  <line id="42">
    <str id="42">甲方办理返还租赁土地交接手续。交接时乙方应保证所人员执图、将属14</str>
  </line>
  <line id="43">
    <str id="43">的设备腾清,并将租赁范围内的过方费物等清理平净。</str>
  </line>
</Document>