<Document>
  <line id="1">
    <str id="1">(二)本合同未尽事宜,由双方协商解决并根据协商</str>
  </line>
  <line id="2">
    <str id="2">结果签订补充合同,该补充合同与本合同具有同等法律效力</str>
  </line>
  <line id="3">
    <str id="3">(二)本合同自双方法定代表人(或其授权代理人)签</str>
  </line>
  <line id="4">
    <str id="4">章</str>
  </line>
  <line id="5">
    <str id="5">字并加盖公章之日起生效。</str>
  </line>
  <line id="6">
    <str id="6">(三)本合同下本一一式肆份,甲乙双方各执贰份,均具</str>
  </line>
  <line id="7">
    <str id="7">有同等法律效力。</str>
  </line>
  <line id="8">
    <str id="8">章</str>
  </line>
  <line id="9">
    <str id="9">甲方(盖章):天津市中小局乙方(盖章):天津市中小企业</str>
  </line>
  <line id="10">
    <str id="10">生产力促进中心</str>
  </line>
  <line id="11">
    <str id="11">法定代表人(签字):</str>
  </line>
  <line id="12">
    <str id="12">法定代表人(签字):</str>
  </line>
  <line id="13">
    <str id="13">签字日期:年月</str>
  </line>
  <line id="14">
    <str id="14">签字日期:年月日签字日期:年月日</str>
  </line>
  <line id="15">
    <str id="15" />
  </line>
  <line id="16">
    <str id="16">5/5</str>
  </line>
</Document>