<Document>
  <line id="1">
    <str id="1">计算机软件采购合后</str>
  </line>
  <line id="2">
    <str id="2">有效期山提交买方2起至合同软件质保期满用30为1</str>
  </line>
  <line id="3">
    <str id="3">金,</str>
  </line>
  <line id="4">
    <str id="4">9.2卖方提供的履约保金应为由买方订接受的因内银行务《履约保</str>
  </line>
  <line id="5">
    <str id="5">技票,此</str>
  </line>
  <line id="6">
    <str id="6">商格式》(附代:)所附格式1具的银行保函,办可为现金、汇票、</str>
  </line>
  <line id="7">
    <str id="7">有关的费用由话方负担。</str>
  </line>
  <line id="8">
    <str id="8">9.3履约保证金是卖方履行合同义务的担保,如卖方未能履行本合同项下的</str>
  </line>
  <line id="9">
    <str id="9">买方有权根据金方所承担的违约赔偿责任扣除相应的履约保证金。</str>
  </line>
  <line id="10">
    <str id="10">行义务</str>
  </line>
  <line id="11">
    <str id="11">第10条知识产权</str>
  </line>
  <line id="12">
    <str id="12">10.1卖方应保证拥有合同软件及其所包含的软件(含第三方软件)的列久</str>
  </line>
  <line id="13">
    <str id="13">确保买方及用户能够在中国增内合法下常地运行合同软件。</str>
  </line>
  <line id="14">
    <str id="14">使用权和销售权</str>
  </line>
  <line id="15">
    <str id="15">10.2卖方所提供的合同软件不应存任任何权利期施,卖方应保证买方免于</str>
  </line>
  <line id="16">
    <str id="16">3遭受因第三方提起侵权索赔而产生的任何损失。如果任何第三方向买方提起侵权</str>
  </line>
  <line id="17">
    <str id="17">索赔,卖方应负责与之进行交涉,并承中此引起的一切责任。</str>
  </line>
  <line id="18">
    <str id="18">号致买方无法使用合同</str>
  </line>
  <line id="19">
    <str id="19">103因卖提供的合同软件得犯第三方知识产权</str>
  </line>
  <line id="20">
    <str id="20">软件的,卖方应按买方要求退还日收取的所有的合同价款,并赔偿买方因此发生</str>
  </line>
  <line id="21">
    <str id="21">的全部损失。</str>
  </line>
  <line id="22">
    <str id="22">第11条保密</str>
  </line>
  <line id="23">
    <str id="23">11.1卖方及其工作人员应对在履行本合同过程中获的买方的有关数据和</str>
  </line>
  <line id="24">
    <str id="24">文档资料、商业秘密及双方要求保密的其他信息(以下简称"保密息:1</str>
  </line>
  <line id="25">
    <str id="25">密、</str>
  </line>
  <line id="26">
    <str id="26">并采取相应的保密措施。卖方的承担的保密义务包括不限于</str>
  </line>
  <line id="27">
    <str id="27">严格保密</str>
  </line>
  <line id="28">
    <str id="28">11.1.1未经双方书的意,不得将述保密露何第三人</str>
  </line>
  <line id="29">
    <str id="29">1117得将述保密信息用于合同以外的他的</str>
  </line>
  <line id="30">
    <str id="30">11.1.3在本合同终或解除后或方要时,及时将述保密</str>
  </line>
  <line id="31">
    <str id="31">买方或按买方要求作适当处理。</str>
  </line>
  <line id="32">
    <str id="32">1上述保密义务的期限至保密信息正式向社会公开之日或买方书面解</str>
  </line>
  <line id="33">
    <str id="33">除卖本合同项下保密义务之日止。</str>
  </line>
  <line id="34">
    <str id="34">11.3卖方违反保密义务的,应承担一切法律责任并赔偿买方因此遭受的全</str>
  </line>
  <line id="35">
    <str id="35">部损失。</str>
  </line>
  <line id="36">
    <str id="36">违约责任</str>
  </line>
  <line id="37">
    <str id="37">第12条</str>
  </line>
  <line id="38">
    <str id="38">12.1卖方不履行本合同义务或者履行义务不符合约定的,买方有权要求卖</str>
  </line>
  <line id="39">
    <str id="39">方承担继续履行赔偿损失和/或支付违约金等违约责任。</str>
  </line>
  <line id="40">
    <str id="40">1211如由了交方</str>
  </line>
  <line id="41">
    <str id="41">未能在合同约定时间内交付合同软件或使合同软</str>
  </line>
  <line id="42">
    <str id="42">每延迟1周,卖方应向买方支付相当了合同价格1%的违约金。</str>
  </line>
  <line id="43">
    <str id="43">件通过验收的</str>
  </line>
  <line id="44">
    <str id="44">不足1周的按1周计算。述违约金的支付不解除卖方继续交付合同软件的责任。</str>
  </line>
  <line id="45">
    <str id="45">买方权解除合同</str>
  </line>
  <line id="46">
    <str id="46">此等解除方不影响买方要求卖方支付上</str>
  </line>
  <line id="47">
    <str id="47">遣期超过0天时</str>
  </line>
  <line id="48">
    <str id="48">述违约金的权利</str>
  </line>
  <line id="49">
    <str id="49">12.1.2卖方未有在约定时间内到达现场提供服务、未在约定时问内作出反</str>
  </line>
  <line id="50">
    <str id="50">应或解快问题</str>
  </line>
  <line id="51">
    <str id="51">则每推迟24小时卖方应买方支付相5了合同价格19的违约</str>
  </line>
  <line id="52">
    <str id="52">金,不足24小时时按例计算</str>
  </line>
  <line id="53">
    <str id="53">5</str>
  </line>
</Document>