<Document>
  <line id="1">
    <str id="1">年8月81日1</str>
  </line>
  <line id="2">
    <str id="2">7日12期1同:期/作12/:2</str>
  </line>
  <line id="3">
    <str id="3">2019</str>
  </line>
  <line id="4">
    <str id="4">8</str>
  </line>
  <line id="5">
    <str id="5">相应服务:双方需在合同期满后继续合作的,条第21用</str>
  </line>
  <line id="6">
    <str id="6">六、</str>
  </line>
  <line id="7">
    <str id="7">合同变更</str>
  </line>
  <line id="8">
    <str id="8">订立本合同所依据的法律、行政法规、规或订行同所据的行观情况发:</str>
  </line>
  <line id="9">
    <str id="9">1</str>
  </line>
  <line id="10">
    <str id="10">大变化,致使本合后无法履行的,经甲乙双方协商一致,订以变更行2,行均15</str>
  </line>
  <line id="11">
    <str id="11">以书面方工确定。</str>
  </line>
  <line id="12">
    <str id="12">一方变更通知、通记地址改其他联系方式,应及时将变更后的地址联系方式通知</str>
  </line>
  <line id="13">
    <str id="13">2</str>
  </line>
  <line id="14">
    <str id="14">另方</str>
  </line>
  <line id="15">
    <str id="15">否则变更方应对此造成的一切后果承担责任。</str>
  </line>
  <line id="16">
    <str id="16">在本合同有效期内方出现上向、被收、分购付、与第三方方并、。。方更等。</str>
  </line>
  <line id="17">
    <str id="17">3</str>
  </line>
  <line id="18">
    <str id="18">由,月</str>
  </line>
  <line id="19">
    <str id="19">方同意出现上述事由的一方可以将其在本合同中的权利和或义务转证给相权利</str>
  </line>
  <line id="20">
    <str id="20">的义务承及有但转让方应保证另方在本合同中的权益会因此而受到不利影响,否则</str>
  </line>
  <line id="21">
    <str id="21">转让方必承招用此引起的一切法律责任和经济损失。</str>
  </line>
  <line id="22">
    <str id="22">七、合同解除</str>
  </line>
  <line id="23">
    <str id="23">本合同址下述情形下解除,提解除合同的一方应提前七日以书面形式通知共方</str>
  </line>
  <line id="24">
    <str id="24">1双方协商致解除本合同</str>
  </line>
  <line id="25">
    <str id="25">2.未合同期限届满,义方未续签的</str>
  </line>
  <line id="26">
    <str id="26">一方购事人主体资格消失,如被撤消或进入破产、清算程序,用一方有权方除合同</str>
  </line>
  <line id="27">
    <str id="27">3</str>
  </line>
  <line id="28">
    <str id="28">但进行重组、名称变更或、分或与第一方合在此列</str>
  </line>
  <line id="29">
    <str id="29">方给予一定期限门不履行义</str>
  </line>
  <line id="30">
    <str id="30">二方未履行或违反依据本合同所应承担的义务,经</str>
  </line>
  <line id="31">
    <str id="31">4</str>
  </line>
  <line id="32">
    <str id="32">务或、予采取补效措施,致使另一方依据本合同的预期利益无法实现或合同继续履行没有必</str>
  </line>
  <line id="33">
    <str id="33">另一方有权解除合同</str>
  </line>
  <line id="34">
    <str id="34">要</str>
  </line>
  <line id="35">
    <str id="35">方在合同训1、履行中采取款诈、胁迫或者露力等手段,另一方均可以解除本合</str>
  </line>
  <line id="36">
    <str id="36">6</str>
  </line>
  <line id="37">
    <str id="37">并有权要求对方赔偿损失。</str>
  </line>
  <line id="38">
    <str id="38">由由于个可抗力或意外事件使合同无法继续履行或继续履行没有必要,双方均可要</str>
  </line>
  <line id="39">
    <str id="39">6</str>
  </line>
  <line id="40">
    <str id="40">解除合同。合同解除后,义方依据本合同的权利义务终止,但方行合同解除前达履行的</str>
  </line>
  <line id="41">
    <str id="41">义务仍需履行。除因不可抗力或意外事件致使合同解除的情形外,引起合同解除事由的一一方</str>
  </line>
  <line id="42">
    <str id="42">应赔偿因合同解除给另一方造成的损失。</str>
  </line>
  <line id="43">
    <str id="43">、违约责任</str>
  </line>
  <line id="44">
    <str id="44">订立本合同所依据的法律、行政法规、规章或订立本合同所依据的客情况发重</str>
  </line>
  <line id="45">
    <str id="45">1</str>
  </line>
  <line id="46">
    <str id="46">更新后的合同自公行于甲方网期生效。</str>
  </line>
  <line id="47">
    <str id="47">甲方名权方本合同相关条款做以变更</str>
  </line>
  <line id="48">
    <str id="48">大变化时</str>
  </line>
  <line id="49">
    <str id="49">2.乙方违反依据本合同府当承担的义务给甲方及甲方客户造成损失的,应偿甲方及</str>
  </line>
  <line id="50">
    <str id="50">甲为名户因此所受的实际损失,包括但不限于乙方所欠的应付服务费用、甲方客户的方及</str>
  </line>
  <line id="51">
    <str id="51">甲方客户网站因此所受的损失。</str>
  </line>
  <line id="52">
    <str id="52">按本合同规定应该偿付的赔偿金,和各种经济损失,应当在明确责任后1天的,按</str>
  </line>
  <line id="53">
    <str id="53">3</str>
  </line>
</Document>