<Document>
  <line id="1">
    <str id="1" />
  </line>
  <line id="2">
    <str id="2">(3)乙方合同工程完工后应及时对施工现场进行清理,做到工完场清,并不得损坏现</str>
  </line>
  <line id="3">
    <str id="3">场构等物及其他设施,如发生损不,应负责修复或赔偿。</str>
  </line>
  <line id="4">
    <str id="4">(4)乙方应加国对本单位职工的承教营,规范其行为,做到遵守,在工地不得</str>
  </line>
  <line id="5">
    <str id="5">发生违法违名事件,做好环境保护工作,遵守不境保护的法律、法规,生产中的度乙度</str>
  </line>
  <line id="6">
    <str id="6">发冲为生等排方及生活址圾应按有关规定处理。</str>
  </line>
  <line id="7">
    <str id="7">(5)乙方应负责己完合同工程移交前的维护。</str>
  </line>
  <line id="8">
    <str id="8">九、违约责任</str>
  </line>
  <line id="9">
    <str id="9" />
  </line>
  <line id="10">
    <str id="10">1、若乙方将本合同项目另行包或再分包,甲方有权直接解除本合同。由此异致的所</str>
  </line>
  <line id="11">
    <str id="11">有损失由乙方承担。</str>
  </line>
  <line id="12">
    <str id="12">2、若乙方原因未达到本合同控制性工期要求,每拒延一天,按6850/天计取约金。</str>
  </line>
  <line id="13">
    <str id="13">3若乙方原因造成主合同规定的其他约事项(签订分包合同应明确具体的责)</str>
  </line>
  <line id="14">
    <str id="14">则由乙方承担违约责任,并赔偿甲方损失,按乙方分包合同工程价款15计取违约金</str>
  </line>
  <line id="15">
    <str id="15">并赔偿相关损失。</str>
  </line>
  <line id="16">
    <str id="16">4、本合同未规定的违约责任,按甲方与业主签订的主合同违约责任规定处理</str>
  </line>
  <line id="17">
    <str id="17">5、乙方应及时发放民工工资,由于欠民工工资造成不影响,按违约处理。</str>
  </line>
  <line id="18">
    <str id="18">十、争议解决</str>
  </line>
  <line id="19">
    <str id="19">甲乙双方再执行本合同过程中若发生意见分歧双方应通过友好协商解决,协商不成的</str>
  </line>
  <line id="20">
    <str id="20">双方可在以下的种解决条款中,根据本合同情况任进一种条款进行约定。</str>
  </line>
  <line id="21">
    <str id="21">1、不能协南解决,应提交工程所在地仲裁要员会进行仲裁,仲裁裁决是终局的,对双</str>
  </line>
  <line id="22">
    <str id="22">方均有约束力。</str>
  </line>
  <line id="23">
    <str id="23">2、不能协商解决,向程所在地人民法院提起诉讼。</str>
  </line>
  <line id="24">
    <str id="24">十、其他</str>
  </line>
</Document>