<Document>
  <line id="1">
    <str id="1">算行软件采购合商</str>
  </line>
  <line id="2">
    <str id="2">计</str>
  </line>
  <line id="3">
    <str id="3">整理</str>
  </line>
  <line id="4">
    <str id="4">技术规范</str>
  </line>
  <line id="5">
    <str id="5">附件:</str>
  </line>
  <line id="6">
    <str id="6">章</str>
  </line>
  <line id="7">
    <str id="7" />
  </line>
  <line id="8">
    <str id="8">9</str>
  </line>
  <line id="9">
    <str id="9">章</str>
  </line>
  <line id="10">
    <str id="10">考</str>
  </line>
  <line id="11">
    <str id="11">章</str>
  </line>
</Document>