<Document>
  <line id="1">
    <str id="1">将十动产品购售合日</str>
  </line>
  <line id="2">
    <str id="2">合同编号:</str>
  </line>
  <line id="3">
    <str id="3">甲方:</str>
  </line>
  <line id="4">
    <str id="4">签订地址</str>
  </line>
  <line id="5">
    <str id="5">乙方:签订日期:</str>
  </line>
  <line id="6">
    <str id="6">乙方为帮助甲方解决生产所需的原料,经双方协商致签订本合</str>
  </line>
  <line id="7">
    <str id="7">同,共同遵守。</str>
  </line>
  <line id="8">
    <str id="8">名、质量要求、计算单位、数量、基价及交货时</str>
  </line>
  <line id="9">
    <str id="9">年</str>
  </line>
  <line id="10">
    <str id="10">等</str>
  </line>
  <line id="11">
    <str id="11">2</str>
  </line>
  <line id="12">
    <str id="12">单基价位</str>
  </line>
  <line id="13">
    <str id="13">章</str>
  </line>
  <line id="14">
    <str id="14">传</str>
  </line>
  <line id="15">
    <str id="15" />
  </line>
  <line id="16">
    <str id="16">品名质量要求数量</str>
  </line>
  <line id="17">
    <str id="17">交货时间</str>
  </line>
  <line id="18">
    <str id="18">第签(元/</str>
  </line>
  <line id="19">
    <str id="19" />
  </line>
  <line id="20">
    <str id="20">章</str>
  </line>
  <line id="21">
    <str id="21">章</str>
  </line>
  <line id="22">
    <str id="22" />
  </line>
  <line id="23">
    <str id="23" />
  </line>
  <line id="24">
    <str id="24">Tb0-s0.65%</str>
  </line>
  <line id="25">
    <str id="25" />
  </line>
  <line id="26">
    <str id="26">章</str>
  </line>
  <line id="27">
    <str id="27">00.23.5%</str>
  </line>
  <line id="28">
    <str id="28">与</str>
  </line>
  <line id="29">
    <str id="29">章</str>
  </line>
  <line id="30">
    <str id="30">章</str>
  </line>
  <line id="31">
    <str id="31">中知量</str>
  </line>
  <line id="32">
    <str id="32" />
  </line>
  <line id="33">
    <str id="33">二a226%</str>
  </line>
  <line id="34">
    <str id="34" />
  </line>
  <line id="35">
    <str id="35">量</str>
  </line>
  <line id="36">
    <str id="36">结联直</str>
  </line>
  <line id="37">
    <str id="37">Eu0s0%</str>
  </line>
  <line id="38">
    <str id="38">盐税工</str>
  </line>
  <line id="39">
    <str id="39">TRE0292%</str>
  </line>
  <line id="40">
    <str id="40">4</str>
  </line>
  <line id="41">
    <str id="41">41.0:1.G并</str>
  </line>
  <line id="42">
    <str id="42">章</str>
  </line>
  <line id="43">
    <str id="43">合计签额(大写)约</str>
  </line>
  <line id="44">
    <str id="44">(按实际结果结算为准)</str>
  </line>
  <line id="45">
    <str id="45">交货地点及方式:</str>
  </line>
  <line id="46">
    <str id="46">乙方(的主)将产品送到甲方指定仓库,双方共同</str>
  </line>
  <line id="47">
    <str id="47">年年</str>
  </line>
  <line id="48">
    <str id="48">在运费、年费由乙方承担。</str>
  </line>
  <line id="49">
    <str id="49">工。</str>
  </line>
  <line id="50">
    <str id="50">内壹层理料袋,</str>
  </line>
  <line id="51">
    <str id="51">号装要求</str>
  </line>
  <line id="52">
    <str id="52">外壹层疗织线,深重40-50/袋。</str>
  </line>
  <line id="53">
    <str id="53">年</str>
  </line>
  <line id="54">
    <str id="54">2三、32标准</str>
  </line>
  <line id="55">
    <str id="55">化验结果作为结算依据,</str>
  </line>
  <line id="56">
    <str id="56">2</str>
  </line>
  <line id="57">
    <str id="57">化验费由乙方承担</str>
  </line>
  <line id="58">
    <str id="58">第议期为出化验结果不天内。</str>
  </line>
  <line id="59">
    <str id="59">:</str>
  </line>
  <line id="60">
    <str id="60">付款方式及期</str>
  </line>
  <line id="61">
    <str id="61">化验结果双方确免认后</str>
  </line>
  <line id="62">
    <str id="62">乙方提供17%的需工专票,</str>
  </line>
  <line id="63">
    <str id="63">1</str>
  </line>
</Document>