<Document>
  <line id="1">
    <str id="1">供热人个承担赔偿责。</str>
  </line>
  <line id="2">
    <str id="2">(二)用热人的违约责任</str>
  </line>
  <line id="3">
    <str id="3">.用热人逾期交热费的,还当支纳金。逾期个用仍不交热费和滞</str>
  </line>
  <line id="4">
    <str id="4">约金的,供热方权热或者律止供热。</str>
  </line>
  <line id="5">
    <str id="5">2.用热人违反合同约定,用热人应当向供热人支付自分之的违约金</str>
  </line>
  <line id="6">
    <str id="6">3.用热人担自进行施下用热,供热人有权立停止供热,用热人当赔偿</str>
  </line>
  <line id="7">
    <str id="7">供热人因此而受到的损失。损失额按照擅自进行施下用热的建筑物面积和实际用</str>
  </line>
  <line id="8">
    <str id="8">热天数热费的作计算。下始擅自进行施工用热的时间以确定的,按照当</str>
  </line>
  <line id="9">
    <str id="9">地开始供热时间为准。</str>
  </line>
  <line id="10">
    <str id="10">第八条合同有效期限</str>
  </line>
  <line id="11">
    <str id="11">日起本</str>
  </line>
  <line id="12">
    <str id="12">合同期限为年,从年月</str>
  </line>
  <line id="13">
    <str id="13">年月日年</str>
  </line>
  <line id="14">
    <str id="14">第九条合同的变期</str>
  </line>
  <line id="15">
    <str id="15">中事人如需要修改合同条款或者合同未尽事宜,须经双方协商一致,签订补</str>
  </line>
  <line id="16">
    <str id="16">充协定,补充协定与本合同具有同等效力。</str>
  </line>
  <line id="17">
    <str id="17">争议的解决方式</str>
  </line>
  <line id="18">
    <str id="18">第十条</str>
  </line>
  <line id="19">
    <str id="19">本合同在履行过程中发生的争议,由双方当事人协商解决,协商不成的,按</str>
  </line>
  <line id="20">
    <str id="20">种方人解决:</str>
  </line>
  <line id="21">
    <str id="21">下列第种工解决:</str>
  </line>
  <line id="22">
    <str id="22">仲裁委员会仲裁;</str>
  </line>
  <line id="23">
    <str id="23">(一)提交</str>
  </line>
  <line id="24">
    <str id="24">(二)依达的人民法院起诉。</str>
  </line>
  <line id="25">
    <str id="25">其他约定</str>
  </line>
  <line id="26">
    <str id="26">条</str>
  </line>
  <line id="27">
    <str id="27">第</str>
  </line>
  <line id="28">
    <str id="28" />
  </line>
  <line id="29">
    <str id="29">用热人:</str>
  </line>
  <line id="30">
    <str id="30">供热人:</str>
  </line>
  <line id="31">
    <str id="31">(盖章)</str>
  </line>
  <line id="32">
    <str id="32">(盖)</str>
  </line>
  <line id="33">
    <str id="33">住所</str>
  </line>
  <line id="34">
    <str id="34">住所:</str>
  </line>
  <line id="35">
    <str id="35">法定代表人(签字):</str>
  </line>
  <line id="36">
    <str id="36">法定代表人(签字):</str>
  </line>
  <line id="37">
    <str id="37">委托代理人(签字):</str>
  </line>
  <line id="38">
    <str id="38">委托代理人(签字)3</str>
  </line>
  <line id="39">
    <str id="39">户银行:</str>
  </line>
  <line id="40">
    <str id="40">开户银行:</str>
  </line>
  <line id="41">
    <str id="41">账号:</str>
  </line>
  <line id="42">
    <str id="42">账号:</str>
  </line>
  <line id="43">
    <str id="43">电话</str>
  </line>
  <line id="44">
    <str id="44">电话:</str>
  </line>
</Document>