<Document>
  <line id="1">
    <str id="1" />
  </line>
  <line id="2">
    <str id="2">料条训责行</str>
  </line>
  <line id="3">
    <str id="3">时按以4:和方/</str>
  </line>
  <line id="4">
    <str id="4">1方1表术合规及乙方提供:地,每逾期11</str>
  </line>
  <line id="5">
    <str id="5">1</str>
  </line>
  <line id="6">
    <str id="6">乙了行权解</str>
  </line>
  <line id="7">
    <str id="7">除甲)2应付违约金外,</str>
  </line>
  <line id="8">
    <str id="8">3乙方义付约。逾期30的</str>
  </line>
  <line id="9">
    <str id="9">文</str>
  </line>
  <line id="10">
    <str id="10">参合,1方议还乙方应付收费。</str>
  </line>
  <line id="11">
    <str id="11">提前收门2地付</str>
  </line>
  <line id="12">
    <str id="12">2、利期间,本合约的况,甲方解除本合同</str>
  </line>
  <line id="13">
    <str id="13">4</str>
  </line>
  <line id="14">
    <str id="14">1方1乙方支付违约金年:租金额%。</str>
  </line>
  <line id="15">
    <str id="15">约定的通约金不如弥补乙方损失的,甲方还负责赔偿超过违约金部行的损失。</str>
  </line>
  <line id="16">
    <str id="16">按照表级纳租金</str>
  </line>
  <line id="17">
    <str id="17">乙方未按本合同规定向甲方交纳租赁费,逾期1</str>
  </line>
  <line id="18">
    <str id="18">3、</str>
  </line>
  <line id="19">
    <str id="19">支付违约金外,</str>
  </line>
  <line id="20">
    <str id="20">除乙方应补足租金、</str>
  </line>
  <line id="21">
    <str id="21">1乙2之向乙方违约金。逾期30日的,</str>
  </line>
  <line id="22">
    <str id="22">甲方有权解除合同,收日租赁七地。</str>
  </line>
  <line id="23">
    <str id="23">同时乙方应向甲方支付年租</str>
  </line>
  <line id="24">
    <str id="24">4、发生下列情况的,甲方有权收上地,</str>
  </line>
  <line id="25">
    <str id="25" />
  </line>
  <line id="26">
    <str id="26">%的违约金,如违约金不足以弥补甲方损失的,由乙方赔偿不足部分</str>
  </line>
  <line id="27">
    <str id="27">金</str>
  </line>
  <line id="28">
    <str id="28">的损失</str>
  </line>
  <line id="29">
    <str id="29">乙方擅自改变租赁用途的</str>
  </line>
  <line id="30">
    <str id="30">(1)未经甲方同意,</str>
  </line>
  <line id="31">
    <str id="31">乙方擅自转租的;</str>
  </line>
  <line id="32">
    <str id="32">(2)未经甲方同意,</str>
  </line>
  <line id="33">
    <str id="33">(3)乙方随意改变本宗土地状况和地上的建筑物、构物、附着物及水、</str>
  </line>
  <line id="34">
    <str id="34">电、暖管网等设施的</str>
  </line>
  <line id="35">
    <str id="35">(4)乙方未按本合同第四条的规定不及时、是额交约相关费用导致甲方承</str>
  </line>
  <line id="36">
    <str id="36">担担约或赔偿责任的。</str>
  </line>
  <line id="37">
    <str id="37">甲方解除本合同,提前收工地的,</str>
  </line>
  <line id="38">
    <str id="38">非本合同约定的情况</str>
  </line>
  <line id="39">
    <str id="39">5、租赁期间</str>
  </line>
  <line id="40">
    <str id="40">%作为违约金。若约定的违约金不延依付甲</str>
  </line>
  <line id="41">
    <str id="41">乙方向甲方支付年租金额的</str>
  </line>
  <line id="42">
    <str id="42">乙方还应负责赔偿超过违约金部分的损失。</str>
  </line>
  <line id="43">
    <str id="43">方损失的</str>
  </line>
  <line id="44">
    <str id="44">第八条争议解决方式</str>
  </line>
  <line id="45">
    <str id="45">甲乙双方在履行本合同程中发生的纠纷,应友好协商解决,协商不成,双方</str>
  </line>
  <line id="46">
    <str id="46">)种方式解决:</str>
  </line>
  <line id="47">
    <str id="47">商意选择第(</str>
  </line>
  <line id="48">
    <str id="48">(1)由合同履行地法院诉讼解决。</str>
  </line>
  <line id="49">
    <str id="49">天津。</str>
  </line>
  <line id="50">
    <str id="50">仲裁地点:</str>
  </line>
  <line id="51">
    <str id="51">天津仲裁委员仲裁解决,</str>
  </line>
  <line id="52">
    <str id="52">(2)</str>
  </line>
</Document>