<Document>
  <line id="1">
    <str id="1">计算机软件采购合后</str>
  </line>
  <line id="2">
    <str id="2">附件三:履约保函格式</str>
  </line>
  <line id="3">
    <str id="3">履约保函</str>
  </line>
  <line id="4">
    <str id="4">致3</str>
  </line>
  <line id="5">
    <str id="5">(买方)</str>
  </line>
  <line id="6">
    <str id="6">鉴于</str>
  </line>
  <line id="7">
    <str id="7">(卖方名称)(以下简称卖方)将限据年</str>
  </line>
  <line id="8">
    <str id="8">月</str>
  </line>
  <line id="9">
    <str id="9">日签订的编号为的软件采购合同(以下简称合同)向贵</str>
  </line>
  <line id="10">
    <str id="10">方提供软件。</str>
  </line>
  <line id="11">
    <str id="11">根据合同约定,卖方应贵方提交由拒定银行出具的相合同价格10%的</str>
  </line>
  <line id="12">
    <str id="12">履约保函,金额为人民币大写(),作为卖方履行合同义</str>
  </line>
  <line id="13">
    <str id="13">务的担保。</str>
  </line>
  <line id="14">
    <str id="14">为此,根据卖请,我行可意出具此保函并明如下</str>
  </line>
  <line id="15">
    <str id="15">(1)我行作为保证人并以卖方的名义向贵方出具总额为人民币(大写)</str>
  </line>
  <line id="16">
    <str id="16">的保函:我行在收到货方方于卖方违反合同义务的书面通知后</str>
  </line>
  <line id="17">
    <str id="17">(/、写)</str>
  </line>
  <line id="18">
    <str id="18">将无条件向费方支付保函限额之内的一笔或数笔款项,货方无须提供有关卖方违</str>
  </line>
  <line id="19">
    <str id="19">约的证明文件。</str>
  </line>
  <line id="20">
    <str id="20">(2)按述约定承付的金额,将是净数,不得扣除现在或将来应付的任何</str>
  </line>
  <line id="21">
    <str id="21">税费、手续费或任何性质的其他费用。</str>
  </line>
  <line id="22">
    <str id="22">(3)本保函的约定是我行光条件的个可撤销的直接义务。合同条款的修改</str>
  </line>
  <line id="23">
    <str id="23">不免除我行在本保函下的义务。</str>
  </line>
  <line id="24">
    <str id="24">日止的期间内有效。</str>
  </line>
  <line id="25">
    <str id="25">年月</str>
  </line>
  <line id="26">
    <str id="26">本保函自签发之日起至</str>
  </line>
  <line id="27">
    <str id="27">(4</str>
  </line>
  <line id="28">
    <str id="28">银行签字/盖章:</str>
  </line>
  <line id="29">
    <str id="29">日期:</str>
  </line>
  <line id="30">
    <str id="30">地址</str>
  </line>
  <line id="31">
    <str id="31">履约保函的有效期内至1至合同软件的质量保证期届满后三十日止。</str>
  </line>
  <line id="32">
    <str id="32">11</str>
  </line>
</Document>