<Document>
  <line id="1">
    <str id="1" />
  </line>
  <line id="2">
    <str id="2">费用)在业主批4之前暂不进行对乙方的计量和结章,终的计量和算以业注(或理</str>
  </line>
  <line id="3">
    <str id="3">的正式批复为准</str>
  </line>
  <line id="4">
    <str id="4">章</str>
  </line>
  <line id="5">
    <str id="5">4设计修改的新增项目如本合同内有相应单价的执行此单价结算,无相应单价的双方</str>
  </line>
  <line id="6">
    <str id="6">在施工前协商签订补充单</str>
  </line>
  <line id="7">
    <str id="7">5、甲方按业主所结工程款(货币)的同等比例并扣除下述费用后向乙方进行支付</str>
  </line>
  <line id="8">
    <str id="8">4</str>
  </line>
  <line id="9">
    <str id="9">6、工程结算支付采用银行转账方式,乙方必须提供正规的发票。</str>
  </line>
  <line id="10">
    <str id="10">7、当工程结算达本合同工程价款总额的90%(含已扣质保金)时,甲方暂停付款,</str>
  </line>
  <line id="11">
    <str id="11">工程完下验收合格,双方办理竣工结算(扣除质保金)后在30天内甲方支付乙方。</str>
  </line>
  <line id="12">
    <str id="12">8、本合同工程质保金的支付:在甲方合同全部履行完毕:验收整定、移交签证超至</str>
  </line>
  <line id="13">
    <str id="13" />
  </line>
  <line id="14">
    <str id="14">质量保证期满,给%收合格支付给甲方程保金后30天内甲方向乙方支付(但</str>
  </line>
  <line id="15">
    <str id="15">乙方所承担的施工项目如在质保期内出现质量问题的修复费用应扣除)</str>
  </line>
  <line id="16">
    <str id="16">三、程进度</str>
  </line>
  <line id="17">
    <str id="17">1、乙方应按甲方的进度计划和实施本同程期自甲方开工下达之日起。</str>
  </line>
  <line id="18">
    <str id="18">2、不论何种原因造成施工进度滞后,乙方均应按甲方的指示,采取有效措施进进度。</str>
  </line>
  <line id="19">
    <str id="19">好工指施应以保证工程按期完工为有提调整和修改进度计划。</str>
  </line>
  <line id="20">
    <str id="20">3、乙方应按照本合同协议书约定的竣工日期或甲方同意顺的工期竣工。因乙方原因</str>
  </line>
  <line id="21">
    <str id="21">不能按本合同约定的竣工日期或甲方同意顺延的工期竣工的,乙方承担违约责任及相应费</str>
  </line>
  <line id="22">
    <str id="22">用。</str>
  </line>
  <line id="23">
    <str id="23">4、工程暂停施工后,乙方应与甲方协商采取有交措施积极消除律工因露的影响,当工</str>
  </line>
  <line id="24">
    <str id="24">程尾备复工条件时,乙方应在指定的期限内工,若乙方无拒延和拒绝工,此加</str>
  </line>
  <line id="25">
    <str id="25">费用和工期延误责任由乙方承担。</str>
  </line>
  <line id="26">
    <str id="26">5、由于自然条件影响或业主原因导致的工程停工、工期拖延等造成的经济损失及潜在</str>
  </line>
</Document>