<Document>
  <line id="1">
    <str id="1">1、本合同未尽事自,双方共同协商解决</str>
  </line>
  <line id="2">
    <str id="2">2本合同经双方法定代表人(或代理人)签字并加盖单位公章后生效,工程完工,工</str>
  </line>
  <line id="3">
    <str id="3">程价款结清后自然失效。</str>
  </line>
  <line id="4">
    <str id="4">3本合同一式6份,双方各执3份,具有同等效力。</str>
  </line>
  <line id="5">
    <str id="5">甲方:华算电于有限公司</str>
  </line>
  <line id="6">
    <str id="6">代表人:系超</str>
  </line>
  <line id="7">
    <str id="7">联系方式:18922377244</str>
  </line>
  <line id="8">
    <str id="8">工程所在地:天津</str>
  </line>
  <line id="9">
    <str id="9">签订时间:2018年7月4日</str>
  </line>
  <line id="10">
    <str id="10">乙方:联在建有限公司</str>
  </line>
  <line id="11">
    <str id="11">责任工人:文</str>
  </line>
  <line id="12">
    <str id="12">联系方式:15122377249</str>
  </line>
  <line id="13">
    <str id="13">工程所在地:天津</str>
  </line>
  <line id="14">
    <str id="14">签下时间:2018年7月4日</str>
  </line>
</Document>