<Document>
  <line id="1">
    <str id="1">计算机软件采购合后</str>
  </line>
  <line id="2">
    <str id="2">使用说明</str>
  </line>
  <line id="3">
    <str id="3">合同文本适用于义义公司各单位签订的计算机软件采购合同。</str>
  </line>
  <line id="4">
    <str id="4">1.本统</str>
  </line>
  <line id="5">
    <str id="5">2.对本统合同文本中需当事人填写之处,如事人约定无需填号的</str>
  </line>
  <line id="6">
    <str id="6">则应注明6元2或划6/</str>
  </line>
  <line id="7">
    <str id="7">2</str>
  </line>
  <line id="8">
    <str id="8">合同文本的任何修改或补充,当事人均在"特别约定2条</str>
  </line>
  <line id="9">
    <str id="9">3.对本统</str>
  </line>
  <line id="10">
    <str id="10">款中进行约定,除此之外不得直接对合同文本进行改动</str>
  </line>
  <line id="11">
    <str id="11">有关本统合同文本的其他使用说明见合同文本履注。</str>
  </line>
  <line id="12">
    <str id="12">4</str>
  </line>
  <line id="13">
    <str id="13">5.义义公同各单位合同承办人员应按照本使用说明起单合同,在合同开始</str>
  </line>
  <line id="14">
    <str id="14">内部审核或提交对方前应用除本使用说明及合同文本用注。</str>
  </line>
</Document>