<Document>
  <line id="1">
    <str id="1">供热力合同</str>
  </line>
  <line id="2">
    <str id="2">合同编号:</str>
  </line>
  <line id="3">
    <str id="3">签约地点:</str>
  </line>
  <line id="4">
    <str id="4">签约时间</str>
  </line>
  <line id="5">
    <str id="5">1供热人</str>
  </line>
  <line id="6">
    <str id="6">用热人:</str>
  </line>
  <line id="7">
    <str id="7">为了明确供热人和用热人在热力供应和使用中的权利和义务,根据《中华人</str>
  </line>
  <line id="8">
    <str id="8">民共和国合同法》等有关法律、法规和规章,经供、用热双方协商,订立本合同</str>
  </line>
  <line id="9">
    <str id="9">以便共同遵守。</str>
  </line>
  <line id="10">
    <str id="10">第一条</str>
  </line>
  <line id="11">
    <str id="11">用热地点、面积及用热量</str>
  </line>
  <line id="12">
    <str id="12">(二)用热地点:</str>
  </line>
  <line id="13">
    <str id="13">2</str>
  </line>
  <line id="14">
    <str id="14">(二)用热面积(按照法定的建筑面积计算):平方,收费面积</str>
  </line>
  <line id="15">
    <str id="15">为平方。</str>
  </line>
  <line id="16">
    <str id="16">(三)用热尾为:索法量为吨/小时:生活热乙为</str>
  </line>
  <line id="17">
    <str id="17">偿</str>
  </line>
  <line id="18">
    <str id="18">/小时:用热算为合/小时。</str>
  </line>
  <line id="19">
    <str id="19">第二条供热期限及质量</str>
  </line>
  <line id="20">
    <str id="20">(二二)供热人在地方政府规定的供热期限内为用热人供热。终季供热时间为</str>
  </line>
  <line id="21">
    <str id="21">每年月日日年次年月日止。</str>
  </line>
  <line id="22">
    <str id="22">日起年次年</str>
  </line>
  <line id="23">
    <str id="23">(二)供热期间,在供用热条件正常情况下,供热质应当符合国家规定的</str>
  </line>
  <line id="24">
    <str id="24">质量标准,供热人要保证用热人常的用热参数。</str>
  </line>
  <line id="25">
    <str id="25">热费标准及结算方工</str>
  </line>
  <line id="26">
    <str id="26">第三条</str>
  </line>
  <line id="27">
    <str id="27">(二)供热价格:供热人根据用热人的用热种类和用热性质,按照</str>
  </line>
  <line id="28">
    <str id="28">(部门)批准的价格收取热费。</str>
  </line>
  <line id="29">
    <str id="29">政府</str>
  </line>
  <line id="30">
    <str id="30">合同有效期内,遇价格调整时,按照调价文件规定执行。</str>
  </line>
  <line id="31">
    <str id="31">(二)采暖性质的用热,用热人应当在每年月日前将热费</str>
  </line>
  <line id="32">
    <str id="32">其他方同的用热,用热人的热费按月结算。</str>
  </line>
  <line id="33">
    <str id="33">方式全额付给供热人。</str>
  </line>
  <line id="34">
    <str id="34">以</str>
  </line>
  <line id="35">
    <str id="35">供用热设施产权分与维护管理</str>
  </line>
  <line id="36">
    <str id="36">第四条</str>
  </line>
  <line id="37">
    <str id="37">经供热人和用热人协商确认,供、用热设施产权分点设在处。供、用热双</str>
  </line>
  <line id="38">
    <str id="38">方对各自负责的供、用热设施的维护、维修及更新改造负责。</str>
  </line>
  <line id="39">
    <str id="39">供热人的权利和义务</str>
  </line>
  <line id="40">
    <str id="40">第五条</str>
  </line>
  <line id="41">
    <str id="41">(二)有权对用热人的用热情况及设施运行状况进行监督和检查</str>
  </line>
  <line id="42">
    <str id="42">(二)监督用热人在合同约定的用热地点、数量、范围内用热,有权制用</str>
  </line>
  <line id="43">
    <str id="43">热人起量、超使用范围用热。</str>
  </line>
  <line id="44">
    <str id="44">(三)对新增用热人,供热人有权在供热之前对用热人采暖系统进行检查验</str>
  </line>
</Document>